Workbook
Name Slicer_Department: #N/A
Name Slicer_Employee_ID: #N/A
Name Slicer_Name: #N/A

Sheet  Formatting
A1: DAY-1 Formatting
A2: Employee ID | B2: Name | C2: Department | D2: Country | E2: Salary | F2: Date of Joining | G2: Performance Rating | H2: Gender | I2: Email
A3: EMP1000 | C3: Finance | E3: N/A | G3: 2 | H3: Unknown | I3: invalid_email
A4: EMP1001 | B4: Eve Adams | C4: HR | D4: Germany | E4: 54255 | F4: 42015 | G4: 1 | H4: Other | I4: user106@example.com
A5: EMP1002 | B5: Alice Brown | C5: Finance | D5: Germany | E5: 63184 | F5: 42022 | G5: 2 | I5: user176@example.com
A6: EMP1003 | B6: John Doe | C6: Sales | D6: USA | E6: 94406 | F6: 42029 | G6: 1 | H6: Male | I6: user168@example.com
A7: EMP1004 | B7: Jane Smith | C7: Sales | D7: Germany | E7: 64120 | F7: 42036 | G7: 1 | H7: Male | I7: user49@example.com
A8: EMP1005 | B8: Alice Brown | C8: IT | D8: India | E8: 78421 | F8: 42043 | G8: 2 | H8: Female | I8: user24@example.com
A9: EMP1006 | B9: Sam Wilson | C9: Sales | E9: 67721 | F9: 42050 | H9: Male | I9: user168@example.com
A10: EMP1007 | B10: Chris Lee | C10: Marketing | E10: 35364 | F10: 42057 | G10: 2 | H10: Other | I10: user26@example.com
A11: EMP1008 | B11: Alice Brown | C11: IT | D11: Germany | E11: 97881 | F11: 42064 | H11: Female | I11: user25@example.com
A12: EMP1009 | B12: Chris Lee | C12: HR | D12: UK | E12: 91846 | F12: 42071 | H12: Male | I12: user153@example.com
A13: EMP1010 | B13: Sam Wilson | C13: Finance | D13: UK | E13: 64247 | F13: 42078 | G13: 1 | H13: Female | I13: user18@example.com
A14: EMP1011 | B14: Sam Wilson | C14: IT | D14: USA | E14: 91180 | F14: 42085 | G14: 5 | H14: Male | I14: user1@example.com
A15: EMP1012 | B15: Bob Johnson | C15: Sales | E15: 96418 | F15: 42092 | G15: 5 | H15: Male | I15: user106@example.com
A16: EMP1013 | B16: Sam Wilson | D16: India | E16: 62158 | F16: 42099 | G16: 4 | I16: user180@example.com
A17: EMP1014 | B17: Jane Smith | C17: HR | E17: 59894 | F17: 42106 | G17: 2 | H17: Male | I17: user184@example.com
A18: EMP1015 | C18: IT | D18: India | E18: 92443 | F18: 42113 | G18: 3 | H18: Other | I18: user3@example.com
A19: EMP1016 | B19: Bob Johnson | D19: Germany | E19: 90271 | F19: 42120 | I19: user64@example.com
A20: EMP1017 | B20: Jane Smith | C20: Finance | D20: Australia | E20: 41341 | F20: 42127 | G20: 1 | H20: Other | I20: user38@example.com
A21: EMP1018 | B21: Alice Brown | C21: Finance | D21: UK | E21: 73602 | F21: 42134 | I21: user96@example.com
A22: EMP1019 | B22: Eve Adams | D22: India | E22: 67531 | F22: 42141 | G22: 5 | H22: Female | I22: user151@example.com
A23: EMP1020 | B23: Jane Smith | C23: HR | D23: USA | E23: N/A | F23: 42148 | G23: 2 | H23: Other | I23: user200@example.com
A24: EMP1021 | B24: Jane Smith | C24: HR | E24: 98922 | F24: 42155 | G24: 4 | I24: user77@example.com
A25: EMP1022 | B25: Eve Adams | C25: Finance | D25: India | E25: 38333 | F25: 42162 | G25: 5 | I25: user128@example.com
A26: EMP1023 | B26: Alice Brown | C26: Marketing | D26: UK | E26: 36515 | F26: 42169 | G26: 3 | H26: Male | I26: user149@example.com
A27: EMP1024 | B27: Sam Wilson | C27: Finance | E27: 91005 | F27: 42176 | G27: 1 | H27: Other | I27: user122@example.com
A28: EMP1025 | B28: Chris Lee | E28: 52272 | F28: 42183 | G28: 3 | I28: user41@example.com
A29: EMP1026 | B29: Eve Adams | C29: Sales | D29: Germany | E29: 76518 | F29: 42190 | G29: 2 | H29: Female | I29: user68@example.com
A30: EMP1027 | B30: Alice Brown | C30: IT | D30: UK | E30: 41448 | F30: 42197 | G30: 3 | H30: Other | I30: user103@example.com
A31: EMP1028 | B31: John Doe | C31: HR | D31: UK | E31: 49282 | F31: 42204 | G31: 2 | H31: Female | I31: user135@example.com
A32: EMP1029 | B32: Bob Johnson | C32: Marketing | D32: UK | E32: 92959 | F32: 42211 | G32: 5 | I32: user83@example.com
A33: EMP1030 | C33: Marketing | E33: 92259 | G33: 1 | H33: Unknown | I33: user109@example.com
A34: EMP1031 | B34: Eve Adams | C34: HR | D34: Germany | E34: 92299 | F34: 42225 | G34: 3 | H34: Male | I34: user143@example.com
A35: EMP1032 | B35: Sam Wilson | C35: HR | E35: 95586 | F35: 42232 | G35: 3 | H35: Other | I35: user190@example.com
A36: EMP1033 | B36: Chris Lee | D36: USA | E36: 95367 | F36: 42239 | H36: Male | I36: user136@example.com
A37: EMP1034 | B37: John Doe | C37: Sales | D37: Australia | E37: 79549 | F37: 42246 | G37: 3 | I37: user198@example.com
A38: EMP1035 | B38: Alice Brown | D38: UK | E38: 54463 | F38: 42253 | G38: 4 | H38: Male | I38: invalid_email
A39: EMP1036 | B39: Alice Brown | C39: IT | D39: USA | E39: 89781 | F39: 42260 | H39: Female | I39: user31@example.com
A40: EMP1037 | B40: Alice Brown | C40: HR | E40: 64796 | F40: 42267 | H40: Other | I40: user98@example.com
A41: EMP1038 | B41: John Doe | C41: Marketing | D41: UK | E41: 52093 | F41: 42274 | G41: 5 | I41: user154@example.com
A42: EMP1039 | B42: Chris Lee | C42: HR | D42: UK | E42: 48224 | F42: 42281 | G42: 3 | I42: user42@example.com
A43: EMP1040 | B43: Bob Johnson | C43: Finance | D43: UK | E43: N/A | G43: 4 | H43: Female | I43: user89@example.com
A44: EMP1041 | B44: Alice Brown | C44: IT | D44: Germany | E44: 33956 | F44: 42295 | I44: user47@example.com
A45: EMP1042 | B45: Bob Johnson | D45: Australia | E45: 64913 | F45: 42302 | G45: 1 | H45: Female | I45: user175@example.com
A46: EMP1043 | B46: Alice Brown | C46: Marketing | D46: Australia | E46: 35326 | F46: 42309 | H46: Female | I46: user57@example.com
A47: EMP1044 | B47: Chris Lee | C47: Finance | E47: 81610 | F47: 42316 | G47: 1 | I47: user20@example.com
A48: EMP1045 | C48: HR | E48: 58962 | F48: 42323 | G48: 3 | H48: Other | I48: user106@example.com
A49: EMP1046 | B49: Chris Lee | C49: IT | D49: Germany | E49: 92701 | F49: 42330 | G49: 3 | H49: Other | I49: user199@example.com
A50: EMP1047 | B50: Chris Lee | C50: HR | D50: India | E50: 58245 | F50: 42337 | G50: 4 | I50: user43@example.com
A51: EMP1048 | B51: John Doe | C51: Finance | E51: 66513 | F51: 42344 | G51: 2 | H51: Other | I51: user24@example.com
A52: EMP1049 | B52: Eve Adams | C52: HR | D52: Germany | E52: 78720 | F52: 42351 | G52: 5 | H52: Female | I52: user89@example.com
A53: EMP1050 | B53: Chris Lee | E53: 30686 | G53: 2 | H53: Female | I53: user95@example.com
A54: EMP1051 | B54: Sam Wilson | C54: Sales | D54: India | E54: 39423 | F54: 42365 | G54: 5 | I54: user59@example.com
A55: EMP1052 | B55: Eve Adams | C55: Marketing | E55: 30280 | F55: 42372 | G55: 1 | I55: user152@example.com
A56: EMP1053 | B56: Eve Adams | C56: Finance | D56: UK | E56: 33352 | F56: 42379 | G56: 3 | H56: Female | I56: user200@example.com
A57: EMP1054 | B57: Bob Johnson | C57: Marketing | D57: UK | E57: 75633 | F57: 42386 | G57: 5 | H57: Other | I57: user92@example.com
A58: EMP1055 | B58: Chris Lee | D58: USA | E58: 74815 | F58: 42393 | G58: 5 | H58: Female | I58: user50@example.com
A59: EMP1056 | B59: John Doe | C59: Sales | D59: Australia | E59: 60011 | F59: 42400 | G59: 1 | H59: Male | I59: user63@example.com
A60: EMP1057 | B60: Eve Adams | D60: India | E60: 96949 | F60: 42407 | G60: 3 | I60: user103@example.com
A61: EMP1058 | B61: Sam Wilson | C61: Marketing | E61: 84924 | F61: 42414 | G61: 5 | H61: Male | I61: user150@example.com
A62: EMP1059 | B62: Sam Wilson | C62: Finance | D62: USA | E62: 82033 | F62: 42421 | G62: 1 | I62: user20@example.com
A63: EMP1060 | C63: Marketing | D63: Germany | E63: N/A | G63: 5 | H63: Unknown | I63: user112@example.com
A64: EMP1061 | B64: Eve Adams | D64: Australia | E64: 31499 | F64: 42435 | G64: 2 | I64: user31@example.com
A65: EMP1062 | B65: Chris Lee | C65: IT | D65: UK | E65: 97981 | F65: 42442 | G65: 5 | H65: Female | I65: user71@example.com
A66: EMP1063 | B66: Eve Adams | C66: HR | D66: USA | E66: 36541 | F66: 42449 | G66: 2 | H66: Other | I66: user97@example.com
A67: EMP1064 | B67: John Doe | C67: IT | D67: India | E67: 84737 | F67: 42456 | G67: 1 | H67: Male | I67: user141@example.com
A68: EMP1065 | B68: Sam Wilson | C68: Finance | D68: India | E68: 33468 | F68: 42463 | G68: 4 | H68: Male | I68: user125@example.com
A69: EMP1066 | B69: Sam Wilson | D69: Australia | E69: 96365 | F69: 42470 | G69: 3 | H69: Other | I69: user90@example.com
A70: EMP1067 | B70: Alice Brown | C70: Sales | D70: India | E70: 61942 | F70: 42477 | G70: 3 | H70: Female | I70: user192@example.com
A71: EMP1068 | B71: Sam Wilson | C71: Finance | D71: UK | E71: 41467 | F71: 42484 | G71: 2 | I71: user77@example.com
A72: EMP1069 | B72: Bob Johnson | C72: Finance | D72: India | E72: 77096 | F72: 42491 | G72: 1 | I72: user65@example.com
A73: EMP1070 | B73: Eve Adams | C73: Sales | D73: Australia | E73: 69952 | F73: 42498 | G73: 5 | H73: Female | I73: invalid_email
A74: EMP1071 | B74: Eve Adams | C74: Marketing | D74: USA | E74: 85065 | F74: 42505 | G74: 3 | I74: user142@example.com
A75: EMP1072 | B75: Bob Johnson | C75: Marketing | D75: India | E75: 56512 | F75: 42512 | H75: Other | I75: user153@example.com
A76: EMP1073 | B76: John Doe | C76: Sales | D76: India | E76: 91101 | F76: 42519 | G76: 4 | H76: Female | I76: user71@example.com
A77: EMP1074 | B77: Sam Wilson | D77: Germany | E77: 41243 | F77: 42526 | I77: user143@example.com
A78: EMP1075 | C78: Sales | E78: 96142 | F78: 42533 | G78: 1 | H78: Other | I78: user17@example.com
A79: EMP1076 | B79: Eve Adams | C79: IT | D79: India | E79: 94301 | F79: 42540 | G79: 1 | H79: Male | I79: user20@example.com
A80: EMP1077 | B80: Jane Smith | D80: UK | E80: 69166 | F80: 42547 | G80: 1 | H80: Female | I80: user22@example.com
A81: EMP1078 | B81: Sam Wilson | D81: UK | E81: 78245 | F81: 42554 | G81: 2 | I81: user46@example.com
A82: EMP1079 | B82: Chris Lee | C82: Sales | D82: USA | E82: 66079 | F82: 42561 | G82: 2 | H82: Other | I82: user55@example.com
A83: EMP1080 | B83: Eve Adams | C83: Marketing | D83: India | E83: N/A | I83: user135@example.com
A84: EMP1081 | B84: Jane Smith | C84: Sales | D84: USA | E84: 95621 | F84: 42575 | G84: 3 | H84: Female | I84: user156@example.com
A85: EMP1082 | B85: Eve Adams | C85: IT | D85: UK | E85: 42262 | F85: 42582 | G85: 1 | I85: user104@example.com
A86: EMP1083 | B86: Sam Wilson | C86: Sales | D86: India | E86: 99621 | F86: 42589 | H86: Other | I86: user145@example.com
A87: EMP1084 | B87: John Doe | C87: Marketing | D87: India | E87: 44682 | F87: 42596 | G87: 4 | H87: Female | I87: user47@example.com
A88: EMP1085 | B88: Chris Lee | C88: Finance | E88: 35163 | F88: 42603 | G88: 5 | H88: Other | I88: user197@example.com
A89: EMP1086 | B89: Chris Lee | C89: IT | D89: India | E89: 33483 | F89: 42610 | G89: 4 | H89: Male | I89: user177@example.com
A90: EMP1087 | B90: Sam Wilson | C90: HR | D90: Germany | E90: 55303 | F90: 42617 | G90: 4 | H90: Male | I90: user149@example.com
A91: EMP1088 | B91: Chris Lee | C91: IT | E91: 63434 | F91: 42624 | G91: 3 | I91: user48@example.com
A92: EMP1089 | B92: Jane Smith | D92: Australia | E92: 38830 | F92: 42631 | G92: 3 | H92: Other | I92: user149@example.com
A93: EMP1090 | C93: Marketing | D93: UK | E93: 50741 | F93: 42638 | G93: 3 | H93: Unknown | I93: user65@example.com
A94: EMP1091 | B94: Alice Brown | C94: HR | D94: Australia | E94: 69420 | F94: 42645 | G94: 1 | H94: Male | I94: user43@example.com
A95: EMP1092 | B95: Jane Smith | C95: IT | E95: 80588 | F95: 42652 | G95: 5 | H95: Male | I95: user98@example.com
A96: EMP1093 | B96: Alice Brown | D96: USA | E96: 76238 | F96: 42659 | G96: 4 | H96: Male | I96: user102@example.com
A97: EMP1094 | B97: Bob Johnson | C97: IT | D97: India | E97: 33264 | F97: 42666 | H97: Female | I97: user148@example.com
A98: EMP1095 | B98: Alice Brown | C98: Finance | D98: Australia | E98: 96101 | F98: 42673 | H98: Other | I98: user155@example.com
A99: EMP1096 | B99: Jane Smith | C99: Finance | D99: USA | E99: 72939 | F99: 42680 | G99: 3 | I99: user191@example.com
A100: EMP1097 | B100: Sam Wilson | C100: HR | D100: Germany | E100: 89333 | F100: 42687 | G100: 1 | H100: Male | I100: user113@example.com
...

Sheet Cleaning
A1: DAY-2 Cleaning
A2: Employee ID | B2: Name | C2: Department | D2: Country | E2: Salary | F2: Date of Joining | G2: Performance Rating | H2: Gender | I2: Email
A3: EMP1000 | B3: Unknown | C3: Finance | D3: Unknown | E3: 66280.93 | F3: Unknown | G3: 2 | H3: Unknown | I3: Unknown
A4: EMP1001 | B4: Eve Adams | C4: HR | D4: Germany | E4: 54255 | F4: 42015 | G4: 1 | H4: Other | I4: user106@example.com
A5: EMP1002 | B5: Alice Brown | C5: Finance | D5: Germany | E5: 63184 | F5: 42022 | G5: 2 | H5: Unknown | I5: user176@example.com
A6: EMP1003 | B6: John Doe | C6: Sales | D6: USA | E6: 94406 | F6: 42029 | G6: 1 | H6: Male | I6: user168@example.com
A7: EMP1004 | B7: Jane Smith | C7: Sales | D7: Germany | E7: 64120 | F7: 42036 | G7: 1 | H7: Male | I7: user49@example.com
A8: EMP1005 | B8: Alice Brown | C8: IT | D8: India | E8: 78421 | F8: 42043 | G8: 2 | H8: Female | I8: user24@example.com
A9: EMP1006 | B9: Sam Wilson | C9: Sales | D9: Unknown | E9: 67721 | F9: 42050 | G9: 2.9411765 | H9: Male | I9: user168@example.com
A10: EMP1007 | B10: Chris Lee | C10: Marketing | D10: Unknown | E10: 35364 | F10: 42057 | G10: 2 | H10: Other | I10: user26@example.com
A11: EMP1008 | B11: Alice Brown | C11: IT | D11: Germany | E11: 97881 | F11: 42064 | G11: 2.9491525 | H11: Female | I11: user25@example.com
A12: EMP1009 | B12: Chris Lee | C12: HR | D12: UK | E12: 91846 | F12: 42071 | G12: 2.9491525 | H12: Male | I12: user153@example.com
A13: EMP1010 | B13: Sam Wilson | C13: Finance | D13: UK | E13: 64247 | F13: 42078 | G13: 1 | H13: Female | I13: user18@example.com
A14: EMP1011 | B14: Sam Wilson | C14: IT | D14: USA | E14: 91180 | F14: 42085 | G14: 5 | H14: Male | I14: user1@example.com
A15: EMP1012 | B15: Bob Johnson | C15: Sales | D15: Unknown | E15: 96418 | F15: 42092 | G15: 5 | H15: Male | I15: user106@example.com
... A32: EMP1029 | B32: Bob Johnson | C32: Marketing | D32: UK | E32: 92959 | F32: 42211 | G32: 5 | H32: Unknown | I32: user83@example.com
A33: EMP1030 | B33: Unknown | C33: Marketing | D33: Unknown | E33: 92259 | F33: Unknown | G33: 1 | H33: Unknown | I33: user109@example.com
A34: EMP1031 | B34: Eve Adams | C34: HR | D34: Germany | E34: 92299 | F34: 42225 | G34: 3 | H34: Male | I34: user143@example.com
A35: EMP1032 | B35: Sam Wilson | C35: HR | D35: Unknown | E35: 95586 | F35: 42232 | G35: 3 | H35: Other | I35: user190@example.com
A36: EMP1033 | B36: Chris Lee | C36: Unknown | D36: USA | E36: 95367 | F36: 42239 | G36: 2.9381443 | H36: Male | I36: user136@example.com
A37: EMP1034 | B37: John Doe | C37: Sales | D37: Australia | E37: 79549 | F37: 42246 | G37: 3 | H37: Unknown | I37: user198@example.com
A38: EMP1035 | B38: Alice Brown | C38: Unknown | D38: UK | E38: 54463 | F38: 42253 | G38: 4 | H38: Male | I38: Unknown
A39: EMP1036 | B39: Alice Brown | C39: IT | D39: USA | E39: 89781 | F39: 42260 | G39: 2.9263158 | H39: Female | I39: user31@example.com
A40: EMP1037 | B40: Alice Brown | C40: HR | D40: Unknown | E40: 64796 | F40: 42267 | G40: 2.9263158 | H40: Other | I40: user98@example.com
A41: EMP1038 | B41: John Doe | C41: Marketing | D41: UK | E41: 52093 | F41: 42274 | G41: 5 | H41: Unknown | I41: user154@example.com
A42: EMP1039 | B42: Chris Lee | C42: HR | D42: UK | E42: 48224 | F42: 42281 | G42: 3 | H42: Unknown | I42: user42@example.com
A43: EMP1040 | B43: Bob Johnson | C43: Finance | D43: UK | E43: 64268.635 | F43: Unknown | G43: 4 | H43: Female | I43: user89@example.com
A44: EMP1041 | B44: Alice Brown | C44: IT | D44: Germany | E44: 33956 | F44: 42295 | G44: 2.8913043 | H44: Unknown | I44: user47@example.com
A45: EMP1042 | B45: Bob Johnson | C45: Unknown | D45: Australia | E45: 64913 | F45: 42302 | G45: 1 | H45: Female | I45: user175@example.com
A46: EMP1043 | B46: Alice Brown | C46: Marketing | D46: Australia | E46: 35326 | F46: 42309 | G46: 2.9120879 | H46: Female | I46: user57@example.com
A47: EMP1044 | B47: Chris Lee | C47: Finance | D47: Unknown | E47: 81610 | F47: 42316 | G47: 1 | H47: Unknown | I47: user20@example.com
A48: EMP1045 | B48: Unknown | C48: HR | D48: Unknown | E48: 58962 | F48: 42323 | G48: 3 | H48: Other | I48: user106@example.com
A49: EMP1046 | B49: Chris Lee | C49: IT | D49: Germany | E49: 92701 | F49: 42330 | G49: 3 | H49: Other | I49: user199@example.com
A50: EMP1047 | B50: Chris Lee | C50: HR | D50: India | E50: 58245 | F50: 42337 | G50: 4 | H50: Unknown | I50: user43@example.com
A51: EMP1048 | B51: John Doe | C51: Finance | D51: Unknown | E51: 66513 | F51: 42344 | G51: 2 | H51: Other | I51: user24@example.com
A52: EMP1049 | B52: Eve Adams | C52: HR | D52: Germany | E52: 78720 | F52: 42351 | G52: 5 | H52: Female | I52: user89@example.com
A53: EMP1050 | B53: Chris Lee | C53: Unknown | D53: Unknown | E53: 30686 | F53: Unknown | G53: 2 | H53: Female | I53: user95@example.com
A54: EMP1051 | B54: Sam Wilson | C54: Sales | D54: India | E54: 39423 | F54: 42365 | G54: 5 | H54: Unknown | I54: user59@example.com
A55: EMP1052 | B55: Eve Adams | C55: Marketing | D55: Unknown | E55: 30280 | F55: 42372 | G55: 1 | H55: Unknown | I55: user152@example.com
A56: EMP1053 | B56: Eve Adams | C56: Finance | D56: UK | E56: 33352 | F56: 42379 | G56: 3 | H56: Female | I56: user200@example.com
A57: EMP1054 | B57: Bob Johnson | C57: Marketing | D57: UK | E57: 75633 | F57: 42386 | G57: 5 | H57: Other | I57: user92@example.com
A58: EMP1055 | B58: Chris Lee | C58: Unknown | D58: USA | E58: 74815 | F58: 42393 | G58: 5 | H58: Female | I58: user50@example.com
A59: EMP1056 | B59: John Doe | C59: Sales | D59: Australia | E59: 60011 | F59: 42400 | G59: 1 | H59: Male | I59: user63@example.com
A60: EMP1057 | B60: Eve Adams | C60: Unknown | D60: India | E60: 96949 | F60: 42407 | G60: 3 | H60: Unknown | I60: user103@example.com
A61: EMP1058 | B61: Sam Wilson | C61: Marketing | D61: Unknown | E61: 84924 | F61: 42414 | G61: 5 | H61: Male | I61: user150@example.com
A62: EMP1059 | B62: Sam Wilson | C62: Finance | D62: USA | E62: 82033 | F62: 42421 | G62: 1 | H62: Unknown | I62: user20@example.com
A63: EMP1060 | B63: Unknown | C63: Marketing | D63: Germany | E63: 64763.365 | F63: Unknown | G63: 5 | H63: Unknown | I63: user112@example.com
A64: EMP1061 | B64: Eve Adams | C64: Unknown | D64: Australia | E64: 31499 | F64: 42435 | G64: 2 | H64: Unknown | I64: user31@example.com
A65: EMP1062 | B65: Chris Lee | C65: IT | D65: UK | E65: 97981 | F65: 42442 | G65: 5 | H65: Female | I65: user71@example.com
A66: EMP1063 | B66: Eve Adams | C66: HR | D66: USA | E66: 36541 | F66: 42449 | G66: 2 | H66: Other | I66: user97@example.com
A67: EMP1064 | B67: John Doe | C67: IT | D67: India | E67: 84737 | F67: 42456 | G67: 1 | H67: Male | I67: user141@example.com
A68: EMP1065 | B68: Sam Wilson | C68: Finance | D68: India | E68: 33468 | F68: 42463 | G68: 4 | H68: Male | I68: user125@example.com
A69: EMP1066 | B69: Sam Wilson | C69: Unknown | D69: Australia | E69: 96365 | F69: 42470 | G69: 3 | H69: Other | I69: user90@example.com
A70: EMP1067 | B70: Alice Brown | C70: Sales | D70: India | E70: 61942 | F70: 42477 | G70: 3 | H70: Female | I70: user192@example.com
A71: EMP1068 | B71: Sam Wilson | C71: Finance | D71: UK | E71: 41467 | F71: 42484 | G71: 2 | H71: Unknown | I71: user77@example.com
A72: EMP1069 | B72: Bob Johnson | C72: Finance | D72: India | E72: 77096 | F72: 42491 | G72: 1 | H72: Unknown | I72: user65@example.com
A73: EMP1070 | B73: Eve Adams | C73: Sales | D73: Australia | E73: 69952 | F73: 42498 | G73: 5 | H73: Female | I73: Unknown
A74: EMP1071 | B74: Eve Adams | C74: Marketing | D74: USA | E74: 85065 | F74: 42505 | G74: 3 | H74: Unknown | I74: user142@example.com
A75: EMP1072 | B75: Bob Johnson | C75: Marketing | D75: India | E75: 56512 | F75: 42512 | G75: 2.8571429 | H75: Other | I75: user153@example.com
... A82: EMP1079 | B82: Chris Lee | C82: Sales | D82: USA | E82: 66079 | F82: 42561 | G82: 2 | H82: Other | I82: user55@example.com
A83: EMP1080 | B83: Eve Adams | C83: Marketing | D83: India | E83: 63575.515 | F83: Unknown | G83: 2.9649123 | H83: Unknown | I83: user135@example.com
A84: EMP1081 | B84: Jane Smith | C84: Sales | D84: USA | E84: 95621 | F84: 42575 | G84: 3 | H84: Female | I84: user156@example.com
A85: EMP1082 | B85: Eve Adams | C85: IT | D85: UK | E85: 42262 | F85: 42582 | G85: 1 | H85: Unknown | I85: user104@example.com
A86: EMP1083 | B86: Sam Wilson | C86: Sales | D86: India | E86: 99621 | F86: 42589 | G86: 3 | H86: Other | I86: user145@example.com
A87: EMP1084 | B87: John Doe | C87: Marketing | D87: India | E87: 44682 | F87: 42596 | G87: 4 | H87: Female | I87: user47@example.com
A88: EMP1085 | B88: Chris Lee | C88: Finance | D88: Unknown | E88: 35163 | F88: 42603 | G88: 5 | H88: Other | I88: user197@example.com
A89: EMP1086 | B89: Chris Lee | C89: IT | D89: India | E89: 33483 | F89: 42610 | G89: 4 | H89: Male | I89: user177@example.com
A90: EMP1087 | B90: Sam Wilson | C90: HR | D90: Germany | E90: 55303 | F90: 42617 | G90: 4 | H90: Male | I90: user149@example.com
A91: EMP1088 | B91: Chris Lee | C91: IT | D91: Unknown | E91: 63434 | F91: 42624 | G91: 3 | H91: Unknown | I91: user48@example.com
A92: EMP1089 | B92: Jane Smith | C92: Unknown | D92: Australia | E92: 38830 | F92: 42631 | G92: 3 | H92: Other | I92: user149@example.com
A93: EMP1090 | B93: Unknown | C93: Marketing | D93: UK | E93: 50741 | F93: 42638 | G93: 3 | H93: Unknown | I93: user65@example.com
A94: EMP1091 | B94: Alice Brown | C94: HR | D94: Australia | E94: 69420 | F94: 42645 | G94: 1 | H94: Male | I94: user43@example.com
A95: EMP1092 | B95: Jane Smith | C95: IT | D95: Unknown | E95: 80588 | F95: 42652 | G95: 5 | H95: Male | I95: user98@example.com
... A112: EMP1109 | B112: Jane Smith | C112: Unknown | D112: India | E112: 88850 | F112: 42771 | G112: 1 | H112: Female | I112: user174@example.com
A113: EMP1110 | B113: Chris Lee | C113: Sales | D113: India | E113: 31293 | F113: Unknown | G113: 2 | H113: Female | I113: user44@example.com
A114: EMP1111 | B114: Chris Lee | C114: IT | D114: USA | E114: 34306 | F114: 42785 | G114: 5 | H114: Female | I114: user192@example.com
A115: EMP1112 | B115: Eve Adams | C115: Finance | D115: India | E115: 78330 | F115: 42792 | G115: 3 | H115: Other | I115: user76@example.com
A116: EMP1113 | B116: Alice Brown | C116: IT | D116: USA | E116: 47653 | F116: 42799 | G116: 1 | H116: Male | I116: user82@example.com
A117: EMP1114 | B117: Eve Adams | C117: Marketing | D117: UK | E117: 44627 | F117: 42806 | G117: 4 | H117: Unknown | I117: user97@example.com
A118: EMP1115 | B118: Bob Johnson | C118: HR | D118: Germany | E118: 92343 | F118: 42813 | G118: 4 | H118: Female | I118: user149@example.com
A119: EMP1116 | B119: Bob Johnson | C119: Marketing | D119: Australia | E119: 38837 | F119: 42820 | G119: 5 | H119: Female | I119: user192@example.com
A120: EMP1117 | B120: Bob Johnson | C120: Marketing | D120: Unknown | E120: 73483 | F120: 42827 | G120: 1 | H120: Unknown | I120: user137@example.com
A121: EMP1118 | B121: Chris Lee | C121: Sales | D121: India | E121: 95032 | F121: 42834 | G121: 3 | H121: Unknown | I121: user23@example.com
A122: EMP1119 | B122: Eve Adams | C122: Sales | D122: Australia | E122: 44358 | F122: 42841 | G122: 3 | H122: Female | I122: user200@example.com
A123: EMP1120 | B123: Unknown | C123: IT | D123: USA | E123: 63232.929 | F123: Unknown | G123: 5 | H123: Unknown | I123: user101@example.com
A124: EMP1121 | B124: Chris Lee | C124: Sales | D124: USA | E124: 45676 | F124: 42855 | G124: 2 | H124: Unknown | I124: user132@example.com
A125: EMP1122 | B125: Bob Johnson | C125: Sales | D125: Germany | E125: 52036 | F125: 42862 | G125: 3 | H125: Male | I125: user171@example.com
A126: EMP1123 | B126: Jane Smith | C126: Unknown | D126: Germany | E126: 30357 | F126: 42869 | G126: 5 | H126: Male | I126: user145@example.com
A127: EMP1124 | B127: John Doe | C127: IT | D127: Unknown | E127: 60034 | F127: 42876 | G127: 1 | H127: Female | I127: user75@example.com
A128: EMP1125 | B128: John Doe | C128: Finance | D128: Unknown | E128: 90019 | F128: 42883 | G128: 5 | H128: Unknown | I128: user52@example.com
A129: EMP1126 | B129: Bob Johnson | C129: Unknown | D129: Germany | E129: 71494 | F129: 42890 | G129: 3 | H129: Male | I129: user100@example.com
A130: EMP1127 | B130: John Doe | C130: Finance | D130: USA | E130: 91953 | F130: 42897 | G130: 2 | H130: Male | I130: user83@example.com
A131: EMP1128 | B131: Chris Lee | C131: Sales | D131: USA | E131: 30402 | F131: 42904 | G131: 1 | H131: Unknown | I131: user167@example.com
A132: EMP1129 | B132: Bob Johnson | C132: Unknown | D132: UK | E132: 62994 | F132: 42911 | G132: 3 | H132: Unknown | I132: user175@example.com
A133: EMP1130 | B133: Alice Brown | C133: Sales | D133: India | E133: 48289 | F133: Unknown | G133: 3 | H133: Male | I133: user25@example.com
A134: EMP1131 | B134: Sam Wilson | C134: Marketing | D134: Germany | E134: 34402 | F134: 42925 | G134: 3 | H134: Other | I134: user42@example.com
A135: EMP1132 | B135: Eve Adams | C135: HR | D135: USA | E135: 38678 | F135: 42932 | G135: 3 | H135: Other | I135: user188@example.com
A136: EMP1133 | B136: Chris Lee | C136: HR | D136: Germany | E136: 45758 | F136: 42939 | G136: 3 | H136: Unknown | I136: user44@example.com
A137: EMP1134 | B137: Eve Adams | C137: Marketing | D137: India | E137: 62476 | F137: 42946 | G137: 1 | H137: Other | I137: user63@example.com
A138: EMP1135 | B138: Unknown | C138: IT | D138: UK | E138: 39280 | F138: 42953 | G138: 3 | H138: Female | I138: user198@example.com
...

Sheet  Summary satistics 
A1: DAY-3 Summary Satistics
A2: Employee ID | B2: Name | C2: Department | D2: Country | E2: Salary | F2: Date of Joining | G2: Performance Rating | H2: Gender | I2: Email
A3: EMP1000 | B3: Unknown | C3: Finance | D3: Unknown | E3: 66280.93 | F3: Unknown | G3: 2 | H3: Unknown | I3: Unknown | K3: Metric | L3: Salary | M3: Perfomance Rating
A4: EMP1001 | B4: Eve Adams | C4: HR | D4: Germany | E4: 54255 | F4: 42015 | G4: 1 | H4: Other | I4: user106@example.com
A5: EMP1002 | B5: Alice Brown | C5: Finance | D5: Germany | E5: 63184 | F5: 42022 | G5: 2 | H5: Unknown | I5: user176@example.com | K5: Total | L5: =SUM(Table14[Salary]) -> 9936329.3 | M5: =SUM(G3:G152) -> 432.06643
A6: EMP1003 | B6: John Doe | C6: Sales | D6: USA | E6: 94406 | F6: 42029 | G6: 1 | H6: Male | I6: user168@example.com
A7: EMP1004 | B7: Jane Smith | C7: Sales | D7: Germany | E7: 64120 | F7: 42036 | G7: 1 | H7: Male | I7: user49@example.com | K7: Average | L7: =AVERAGE(E3:E152) -> 66242.196 | M7: =AVERAGE(G3:G152) -> 2.8804429
A8: EMP1005 | B8: Alice Brown | C8: IT | D8: India | E8: 78421 | F8: 42043 | G8: 2 | H8: Female | I8: user24@example.com
A9: EMP1006 | B9: Sam Wilson | C9: Sales | D9: Unknown | E9: 67721 | F9: 42050 | G9: 2.9411765 | H9: Male | I9: user168@example.com | K9: Minimum | L9: =MIN(E3:E152) -> 30280 | M9: =MIN(G3:G152) -> 1
A10: EMP1007 | B10: Chris Lee | C10: Marketing | D10: Unknown | E10: 35364 | F10: 42057 | G10: 2 | H10: Other | I10: user26@example.com
A11: EMP1008 | B11: Alice Brown | C11: IT | D11: Germany | E11: 97881 | F11: 42064 | G11: 2.9491525 | H11: Female | I11: user25@example.com | K11: Maximum | L11: =MAX(E3:E152) -> 99621 | M11: =MAX(G3:G152) -> 5
A12: EMP1009 | B12: Chris Lee | C12: HR | D12: UK | E12: 91846 | F12: 42071 | G12: 2.9491525 | H12: Male | I12: user153@example.com
A13: EMP1010 | B13: Sam Wilson | C13: Finance | D13: UK | E13: 64247 | F13: 42078 | G13: 1 | H13: Female | I13: user18@example.com | K13: Count | L13: =COUNT(E3:E152) -> 150 | M13: =COUNT(G3:G152) -> 150
A14: EMP1011 | B14: Sam Wilson | C14: IT | D14: USA | E14: 91180 | F14: 42085 | G14: 5 | H14: Male | I14: user1@example.com
A15: EMP1012 | B15: Bob Johnson | C15: Sales | D15: Unknown | E15: 96418 | F15: 42092 | G15: 5 | H15: Male | I15: user106@example.com
A16: EMP1013 | B16: Sam Wilson | C16: Unknown | D16: India | E16: 62158 | F16: 42099 | G16: 4 | H16: Unknown | I16: user180@example.com
A17: EMP1014 | B17: Jane Smith | C17: HR | D17: Unknown | E17: 59894 | F17: 42106 | G17: 2 | H17: Male | I17: user184@example.com
A18: EMP1015 | B18: Unknown | C18: IT | D18: India | E18: 92443 | F18: 42113 | G18: 3 | H18: Other | I18: user3@example.com
A19: EMP1016 | B19: Bob Johnson | C19: Unknown | D19: Germany | E19: 90271 | F19: 42120 | G19: 2.9285714 | H19: Unknown | I19: user64@example.com
A20: EMP1017 | B20: Jane Smith | C20: Finance | D20: Australia | E20: 41341 | F20: 42127 | G20: 1 | H20: Other | I20: user38@example.com
A21: EMP1018 | B21: Alice Brown | C21: Finance | D21: UK | E21: 73602 | F21: 42134 | G21: 2.9459459 | H21: Unknown | I21: user96@example.com
A22: EMP1019 | B22: Eve Adams | C22: Unknown | D22: India | E22: 67531 | F22: 42141 | G22: 5 | H22: Female | I22: user151@example.com
A23: EMP1020 | B23: Jane Smith | C23: HR | D23: USA | E23: 65248.854 | F23: 42148 | G23: 2 | H23: Other | I23: user200@example.com
A24: EMP1021 | B24: Jane Smith | C24: HR | D24: Unknown | E24: 98922 | F24: 42155 | G24: 4 | H24: Unknown | I24: user77@example.com
A25: EMP1022 | B25: Eve Adams | C25: Finance | D25: India | E25: 38333 | F25: 42162 | G25: 5 | H25: Unknown | I25: user128@example.com
... A32: EMP1029 | B32: Bob Johnson | C32: Marketing | D32: UK | E32: 92959 | F32: 42211 | G32: 5 | H32: Unknown | I32: user83@example.com
A33: EMP1030 | B33: Unknown | C33: Marketing | D33: Unknown | E33: 92259 | F33: Unknown | G33: 1 | H33: Unknown | I33: user109@example.com
A34: EMP1031 | B34: Eve Adams | C34: HR | D34: Germany | E34: 92299 | F34: 42225 | G34: 3 | H34: Male | I34: user143@example.com
A35: EMP1032 | B35: Sam Wilson | C35: HR | D35: Unknown | E35: 95586 | F35: 42232 | G35: 3 | H35: Other | I35: user190@example.com
A36: EMP1033 | B36: Chris Lee | C36: Unknown | D36: USA | E36: 95367 | F36: 42239 | G36: 2.9381443 | H36: Male | I36: user136@example.com
A37: EMP1034 | B37: John Doe | C37: Sales | D37: Australia | E37: 79549 | F37: 42246 | G37: 3 | H37: Unknown | I37: user198@example.com
A38: EMP1035 | B38: Alice Brown | C38: Unknown | D38: UK | E38: 54463 | F38: 42253 | G38: 4 | H38: Male | I38: Unknown
A39: EMP1036 | B39: Alice Brown | C39: IT | D39: USA | E39: 89781 | F39: 42260 | G39: 2.9263158 | H39: Female | I39: user31@example.com
A40: EMP1037 | B40: Alice Brown | C40: HR | D40: Unknown | E40: 64796 | F40: 42267 | G40: 2.9263158 | H40: Other | I40: user98@example.com
A41: EMP1038 | B41: John Doe | C41: Marketing | D41: UK | E41: 52093 | F41: 42274 | G41: 5 | H41: Unknown | I41: user154@example.com
A42: EMP1039 | B42: Chris Lee | C42: HR | D42: UK | E42: 48224 | F42: 42281 | G42: 3 | H42: Unknown | I42: user42@example.com
A43: EMP1040 | B43: Bob Johnson | C43: Finance | D43: UK | E43: 64268.635 | F43: Unknown | G43: 4 | H43: Female | I43: user89@example.com
A44: EMP1041 | B44: Alice Brown | C44: IT | D44: Germany | E44: 33956 | F44: 42295 | G44: 2.8913043 | H44: Unknown | I44: user47@example.com
A45: EMP1042 | B45: Bob Johnson | C45: Unknown | D45: Australia | E45: 64913 | F45: 42302 | G45: 1 | H45: Female | I45: user175@example.com
A46: EMP1043 | B46: Alice Brown | C46: Marketing | D46: Australia | E46: 35326 | F46: 42309 | G46: 2.9120879 | H46: Female | I46: user57@example.com
A47: EMP1044 | B47: Chris Lee | C47: Finance | D47: Unknown | E47: 81610 | F47: 42316 | G47: 1 | H47: Unknown | I47: user20@example.com
A48: EMP1045 | B48: Unknown | C48: HR | D48: Unknown | E48: 58962 | F48: 42323 | G48: 3 | H48: Other | I48: user106@example.com
A49: EMP1046 | B49: Chris Lee | C49: IT | D49: Germany | E49: 92701 | F49: 42330 | G49: 3 | H49: Other | I49: user199@example.com
A50: EMP1047 | B50: Chris Lee | C50: HR | D50: India | E50: 58245 | F50: 42337 | G50: 4 | H50: Unknown | I50: user43@example.com
A51: EMP1048 | B51: John Doe | C51: Finance | D51: Unknown | E51: 66513 | F51: 42344 | G51: 2 | H51: Other | I51: user24@example.com
A52: EMP1049 | B52: Eve Adams | C52: HR | D52: Germany | E52: 78720 | F52: 42351 | G52: 5 | H52: Female | I52: user89@example.com
A53: EMP1050 | B53: Chris Lee | C53: Unknown | D53: Unknown | E53: 30686 | F53: Unknown | G53: 2 | H53: Female | I53: user95@example.com
A54: EMP1051 | B54: Sam Wilson | C54: Sales | D54: India | E54: 39423 | F54: 42365 | G54: 5 | H54: Unknown | I54: user59@example.com
A55: EMP1052 | B55: Eve Adams | C55: Marketing | D55: Unknown | E55: 30280 | F55: 42372 | G55: 1 | H55: Unknown | I55: user152@example.com
A56: EMP1053 | B56: Eve Adams | C56: Finance | D56: UK | E56: 33352 | F56: 42379 | G56: 3 | H56: Female | I56: user200@example.com
A57: EMP1054 | B57: Bob Johnson | C57: Marketing | D57: UK | E57: 75633 | F57: 42386 | G57: 5 | H57: Other | I57: user92@example.com
A58: EMP1055 | B58: Chris Lee | C58: Unknown | D58: USA | E58: 74815 | F58: 42393 | G58: 5 | H58: Female | I58: user50@example.com
A59: EMP1056 | B59: John Doe | C59: Sales | D59: Australia | E59: 60011 | F59: 42400 | G59: 1 | H59: Male | I59: user63@example.com
A60: EMP1057 | B60: Eve Adams | C60: Unknown | D60: India | E60: 96949 | F60: 42407 | G60: 3 | H60: Unknown | I60: user103@example.com
A61: EMP1058 | B61: Sam Wilson | C61: Marketing | D61: Unknown | E61: 84924 | F61: 42414 | G61: 5 | H61: Male | I61: user150@example.com
A62: EMP1059 | B62: Sam Wilson | C62: Finance | D62: USA | E62: 82033 | F62: 42421 | G62: 1 | H62: Unknown | I62: user20@example.com
A63: EMP1060 | B63: Unknown | C63: Marketing | D63: Germany | E63: 64763.365 | F63: Unknown | G63: 5 | H63: Unknown | I63: user112@example.com
A64: EMP1061 | B64: Eve Adams | C64: Unknown | D64: Australia | E64: 31499 | F64: 42435 | G64: 2 | H64: Unknown | I64: user31@example.com
A65: EMP1062 | B65: Chris Lee | C65: IT | D65: UK | E65: 97981 | F65: 42442 | G65: 5 | H65: Female | I65: user71@example.com
A66: EMP1063 | B66: Eve Adams | C66: HR | D66: USA | E66: 36541 | F66: 42449 | G66: 2 | H66: Other | I66: user97@example.com
A67: EMP1064 | B67: John Doe | C67: IT | D67: India | E67: 84737 | F67: 42456 | G67: 1 | H67: Male | I67: user141@example.com
A68: EMP1065 | B68: Sam Wilson | C68: Finance | D68: India | E68: 33468 | F68: 42463 | G68: 4 | H68: Male | I68: user125@example.com
A69: EMP1066 | B69: Sam Wilson | C69: Unknown | D69: Australia | E69: 96365 | F69: 42470 | G69: 3 | H69: Other | I69: user90@example.com
A70: EMP1067 | B70: Alice Brown | C70: Sales | D70: India | E70: 61942 | F70: 42477 | G70: 3 | H70: Female | I70: user192@example.com
A71: EMP1068 | B71: Sam Wilson | C71: Finance | D71: UK | E71: 41467 | F71: 42484 | G71: 2 | H71: Unknown | I71: user77@example.com
A72: EMP1069 | B72: Bob Johnson | C72: Finance | D72: India | E72: 77096 | F72: 42491 | G72: 1 | H72: Unknown | I72: user65@example.com
A73: EMP1070 | B73: Eve Adams | C73: Sales | D73: Australia | E73: 69952 | F73: 42498 | G73: 5 | H73: Female | I73: Unknown
A74: EMP1071 | B74: Eve Adams | C74: Marketing | D74: USA | E74: 85065 | F74: 42505 | G74: 3 | H74: Unknown | I74: user142@example.com
A75: EMP1072 | B75: Bob Johnson | C75: Marketing | D75: India | E75: 56512 | F75: 42512 | G75: 2.8571429 | H75: Other | I75: user153@example.com
... A82: EMP1079 | B82: Chris Lee | C82: Sales | D82: USA | E82: 66079 | F82: 42561 | G82: 2 | H82: Other | I82: user55@example.com
A83: EMP1080 | B83: Eve Adams | C83: Marketing | D83: India | E83: 63575.515 | F83: Unknown | G83: 2.9649123 | H83: Unknown | I83: user135@example.com
A84: EMP1081 | B84: Jane Smith | C84: Sales | D84: USA | E84: 95621 | F84: 42575 | G84: 3 | H84: Female | I84: user156@example.com
A85: EMP1082 | B85: Eve Adams | C85: IT | D85: UK | E85: 42262 | F85: 42582 | G85: 1 | H85: Unknown | I85: user104@example.com
A86: EMP1083 | B86: Sam Wilson | C86: Sales | D86: India | E86: 99621 | F86: 42589 | G86: 3 | H86: Other | I86: user145@example.com
A87: EMP1084 | B87: John Doe | C87: Marketing | D87: India | E87: 44682 | F87: 42596 | G87: 4 | H87: Female | I87: user47@example.com
A88: EMP1085 | B88: Chris Lee | C88: Finance | D88: Unknown | E88: 35163 | F88: 42603 | G88: 5 | H88: Other | I88: user197@example.com
A89: EMP1086 | B89: Chris Lee | C89: IT | D89: India | E89: 33483 | F89: 42610 | G89: 4 | H89: Male | I89: user177@example.com
A90: EMP1087 | B90: Sam Wilson | C90: HR | D90: Germany | E90: 55303 | F90: 42617 | G90: 4 | H90: Male | I90: user149@example.com
A91: EMP1088 | B91: Chris Lee | C91: IT | D91: Unknown | E91: 63434 | F91: 42624 | G91: 3 | H91: Unknown | I91: user48@example.com
A92: EMP1089 | B92: Jane Smith | C92: Unknown | D92: Australia | E92: 38830 | F92: 42631 | G92: 3 | H92: Other | I92: user149@example.com
A93: EMP1090 | B93: Unknown | C93: Marketing | D93: UK | E93: 50741 | F93: 42638 | G93: 3 | H93: Unknown | I93: user65@example.com
A94: EMP1091 | B94: Alice Brown | C94: HR | D94: Australia | E94: 69420 | F94: 42645 | G94: 1 | H94: Male | I94: user43@example.com
A95: EMP1092 | B95: Jane Smith | C95: IT | D95: Unknown | E95: 80588 | F95: 42652 | G95: 5 | H95: Male | I95: user98@example.com
... A112: EMP1109 | B112: Jane Smith | C112: Unknown | D112: India | E112: 88850 | F112: 42771 | G112: 1 | H112: Female | I112: user174@example.com
A113: EMP1110 | B113: Chris Lee | C113: Sales | D113: India | E113: 31293 | F113: Unknown | G113: 2 | H113: Female | I113: user44@example.com
A114: EMP1111 | B114: Chris Lee | C114: IT | D114: USA | E114: 34306 | F114: 42785 | G114: 5 | H114: Female | I114: user192@example.com
A115: EMP1112 | B115: Eve Adams | C115: Finance | D115: India | E115: 78330 | F115: 42792 | G115: 3 | H115: Other | I115: user76@example.com
A116: EMP1113 | B116: Alice Brown | C116: IT | D116: USA | E116: 47653 | F116: 42799 | G116: 1 | H116: Male | I116: user82@example.com
A117: EMP1114 | B117: Eve Adams | C117: Marketing | D117: UK | E117: 44627 | F117: 42806 | G117: 4 | H117: Unknown | I117: user97@example.com
A118: EMP1115 | B118: Bob Johnson | C118: HR | D118: Germany | E118: 92343 | F118: 42813 | G118: 4 | H118: Female | I118: user149@example.com
A119: EMP1116 | B119: Bob Johnson | C119: Marketing | D119: Australia | E119: 38837 | F119: 42820 | G119: 5 | H119: Female | I119: user192@example.com
A120: EMP1117 | B120: Bob Johnson | C120: Marketing | D120: Unknown | E120: 73483 | F120: 42827 | G120: 1 | H120: Unknown | I120: user137@example.com
A121: EMP1118 | B121: Chris Lee | C121: Sales | D121: India | E121: 95032 | F121: 42834 | G121: 3 | H121: Unknown | I121: user23@example.com
A122: EMP1119 | B122: Eve Adams | C122: Sales | D122: Australia | E122: 44358 | F122: 42841 | G122: 3 | H122: Female | I122: user200@example.com
A123: EMP1120 | B123: Unknown | C123: IT | D123: USA | E123: 63232.929 | F123: Unknown | G123: 5 | H123: Unknown | I123: user101@example.com
A124: EMP1121 | B124: Chris Lee | C124: Sales | D124: USA | E124: 45676 | F124: 42855 | G124: 2 | H124: Unknown | I124: user132@example.com
A125: EMP1122 | B125: Bob Johnson | C125: Sales | D125: Germany | E125: 52036 | F125: 42862 | G125: 3 | H125: Male | I125: user171@example.com
A126: EMP1123 | B126: Jane Smith | C126: Unknown | D126: Germany | E126: 30357 | F126: 42869 | G126: 5 | H126: Male | I126: user145@example.com
A127: EMP1124 | B127: John Doe | C127: IT | D127: Unknown | E127: 60034 | F127: 42876 | G127: 1 | H127: Female | I127: user75@example.com
A128: EMP1125 | B128: John Doe | C128: Finance | D128: Unknown | E128: 90019 | F128: 42883 | G128: 5 | H128: Unknown | I128: user52@example.com
...

Sheet  Condition Formatting
A1: DAY-4 Condition Formatting
A2: Employee ID | B2: Name | C2: Department | D2: Country | E2: Salary | F2: Date of Joining | G2: Performance Rating | H2: Gender | I2: Email | J2: Salary Category
A3: EMP1000 | B3: Unknown | C3: Finance | D3: Unknown | E3: 66280.93 | F3: Unknown | G3: 2 | H3: Unknown | I3: Unknown | J3: =IF(E3>80000,"High Salary", "Normal") -> Normal
A4: EMP1001 | B4: Eve Adams | C4: HR | D4: Germany | E4: 54255 | F4: 42015 | G4: 1 | H4: Other | I4: user106@example.com | J4: =IF(E4>80000,"High Salary", "Normal") -> Normal | K4: Conditional Formulas
A5: EMP1002 | B5: Alice Brown | C5: Finance | D5: Germany | E5: 63184 | F5: 42022 | G5: 2 | H5: Unknown | I5: user176@example.com | J5: =IF(E5>80000,"High Salary", "Normal") -> Normal
A6: EMP1003 | B6: John Doe | C6: Sales | D6: USA | E6: 94406 | F6: 42029 | G6: 1 | H6: Male | I6: user168@example.com | J6: =IF(E6>80000,"High Salary", "Normal") -> High Salary
A7: EMP1004 | B7: Jane Smith | C7: Sales | D7: Germany | E7: 64120 | F7: 42036 | G7: 1 | H7: Male | I7: user49@example.com | J7: =IF(E7>80000,"High Salary", "Normal") -> Normal | K7: Condition Name | L7: Description | M7: Formula Used | N7: Result
A8: EMP1005 | B8: Alice Brown | C8: IT | D8: India | E8: 78421 | F8: 42043 | G8: 2 | H8: Female | I8: user24@example.com | J8: =IF(E8>80000,"High Salary", "Normal") -> Normal
A9: EMP1006 | B9: Sam Wilson | C9: Sales | D9: Unknown | E9: 67721 | F9: 42050 | G9: 2.9411765 | H9: Male | I9: user168@example.com | J9: =IF(E9>80000,"High Salary", "Normal") -> Normal | K9: High Salary Count | L9: Count employees with salary above 70,000 | M9: COUNTIF | N9: =COUNTIF(E3:E152,">70000") -> 64
A10: EMP1007 | B10: Chris Lee | C10: Marketing | D10: Unknown | E10: 35364 | F10: 42057 | G10: 2 | H10: Other | I10: user26@example.com | J10: =IF(E10>80000,"High Salary", "Normal") -> Normal
A11: EMP1008 | B11: Alice Brown | C11: IT | D11: Germany | E11: 97881 | F11: 42064 | G11: 2.9491525 | H11: Female | I11: user25@example.com | J11: =IF(E11>80000,"High Salary", "Normal") -> High Salary | K11: Finance Salary Total | L11: Total salary of Finance employees | M11: SUMIF | N11: =SUMIF(C3:C152, "Finance",(E3:E152)) -> 1442640.6
A12: EMP1009 | B12: Chris Lee | C12: HR | D12: UK | E12: 91846 | F12: 42071 | G12: 2.9491525 | H12: Male | I12: user153@example.com | J12: =IF(E12>80000,"High Salary", "Normal") -> High Salary
A13: EMP1010 | B13: Sam Wilson | C13: Finance | D13: UK | E13: 64247 | F13: 42078 | G13: 1 | H13: Female | I13: user18@example.com | J13: =IF(E13>80000,"High Salary", "Normal") -> Normal | K13: Sales Avg Rating | L13: Average performance rating for Sales department | M13: AVERAGEIF | N13: =AVERAGEIF(C3:C152,"Sales",(G3:G152)) -> 2.7541478
A14: EMP1011 | B14: Sam Wilson | C14: IT | D14: USA | E14: 91180 | F14: 42085 | G14: 5 | H14: Male | I14: user1@example.com | J14: =IF(E14>80000,"High Salary", "Normal") -> High Salary
A15: EMP1012 | B15: Bob Johnson | C15: Sales | D15: Unknown | E15: 96418 | F15: 42092 | G15: 5 | H15: Male | I15: user106@example.com | J15: =IF(E15>80000,"High Salary", "Normal") -> High Salary
A16: EMP1013 | B16: Sam Wilson | C16: Unknown | D16: India | E16: 62158 | F16: 42099 | G16: 4 | H16: Unknown | I16: user180@example.com | J16: =IF(E16>80000,"High Salary", "Normal") -> Normal
A17: EMP1014 | B17: Jane Smith | C17: HR | D17: Unknown | E17: 59894 | F17: 42106 | G17: 2 | H17: Male | I17: user184@example.com | J17: =IF(E17>80000,"High Salary", "Normal") -> Normal
A18: EMP1015 | B18: Unknown | C18: IT | D18: India | E18: 92443 | F18: 42113 | G18: 3 | H18: Other | I18: user3@example.com | J18: =IF(E18>80000,"High Salary", "Normal") -> High Salary
A19: EMP1016 | B19: Bob Johnson | C19: Unknown | D19: Germany | E19: 90271 | F19: 42120 | G19: 2.9285714 | H19: Unknown | I19: user64@example.com | J19: =IF(E19>80000,"High Salary", "Normal") -> High Salary
A20: EMP1017 | B20: Jane Smith | C20: Finance | D20: Australia | E20: 41341 | F20: 42127 | G20: 1 | H20: Other | I20: user38@example.com | J20: =IF(E20>80000,"High Salary", "Normal") -> Normal
A21: EMP1018 | B21: Alice Brown | C21: Finance | D21: UK | E21: 73602 | F21: 42134 | G21: 2.9459459 | H21: Unknown | I21: user96@example.com | J21: =IF(E21>80000,"High Salary", "Normal") -> Normal
A22: EMP1019 | B22: Eve Adams | C22: Unknown | D22: India | E22: 67531 | F22: 42141 | G22: 5 | H22: Female | I22: user151@example.com | J22: =IF(E22>80000,"High Salary", "Normal") -> Normal
A23: EMP1020 | B23: Jane Smith | C23: HR | D23: USA | E23: 65248.854 | F23: 42148 | G23: 2 | H23: Other | I23: user200@example.com | J23: =IF(E23>80000,"High Salary", "Normal") -> Normal
A24: EMP1021 | B24: Jane Smith | C24: HR | D24: Unknown | E24: 98922 | F24: 42155 | G24: 4 | H24: Unknown | I24: user77@example.com | J24: =IF(E24>80000,"High Salary", "Normal") -> High Salary
A25: EMP1022 | B25: Eve Adams | C25: Finance | D25: India | E25: 38333 | F25: 42162 | G25: 5 | H25: Unknown | I25: user128@example.com | J25: =IF(E25>80000,"High Salary", "Normal") -> Normal
... A32: EMP1029 | B32: Bob Johnson | C32: Marketing | D32: UK | E32: 92959 | F32: 42211 | G32: 5 | H32: Unknown | I32: user83@example.com | J32: =IF(E32>80000,"High Salary", "Normal") -> High Salary
A33: EMP1030 | B33: Unknown | C33: Marketing | D33: Unknown | E33: 92259 | F33: Unknown | G33: 1 | H33: Unknown | I33: user109@example.com | J33: =IF(E33>80000,"High Salary", "Normal") -> High Salary
A34: EMP1031 | B34: Eve Adams | C34: HR | D34: Germany | E34: 92299 | F34: 42225 | G34: 3 | H34: Male | I34: user143@example.com | J34: =IF(E34>80000,"High Salary", "Normal") -> High Salary
A35: EMP1032 | B35: Sam Wilson | C35: HR | D35: Unknown | E35: 95586 | F35: 42232 | G35: 3 | H35: Other | I35: user190@example.com | J35: =IF(E35>80000,"High Salary", "Normal") -> High Salary
A36: EMP1033 | B36: Chris Lee | C36: Unknown | D36: USA | E36: 95367 | F36: 42239 | G36: 2.9381443 | H36: Male | I36: user136@example.com | J36: =IF(E36>80000,"High Salary", "Normal") -> High Salary
A37: EMP1034 | B37: John Doe | C37: Sales | D37: Australia | E37: 79549 | F37: 42246 | G37: 3 | H37: Unknown | I37: user198@example.com | J37: =IF(E37>80000,"High Salary", "Normal") -> Normal
A38: EMP1035 | B38: Alice Brown | C38: Unknown | D38: UK | E38: 54463 | F38: 42253 | G38: 4 | H38: Male | I38: Unknown | J38: =IF(E38>80000,"High Salary", "Normal") -> Normal
A39: EMP1036 | B39: Alice Brown | C39: IT | D39: USA | E39: 89781 | F39: 42260 | G39: 2.9263158 | H39: Female | I39: user31@example.com | J39: =IF(E39>80000,"High Salary", "Normal") -> High Salary
A40: EMP1037 | B40: Alice Brown | C40: HR | D40: Unknown | E40: 64796 | F40: 42267 | G40: 2.9263158 | H40: Other | I40: user98@example.com | J40: =IF(E40>80000,"High Salary", "Normal") -> Normal
A41: EMP1038 | B41: John Doe | C41: Marketing | D41: UK | E41: 52093 | F41: 42274 | G41: 5 | H41: Unknown | I41: user154@example.com | J41: =IF(E41>80000,"High Salary", "Normal") -> Normal
A42: EMP1039 | B42: Chris Lee | C42: HR | D42: UK | E42: 48224 | F42: 42281 | G42: 3 | H42: Unknown | I42: user42@example.com | J42: =IF(E42>80000,"High Salary", "Normal") -> Normal
A43: EMP1040 | B43: Bob Johnson | C43: Finance | D43: UK | E43: 64268.635 | F43: Unknown | G43: 4 | H43: Female | I43: user89@example.com | J43: =IF(E43>80000,"High Salary", "Normal") -> Normal
A44: EMP1041 | B44: Alice Brown | C44: IT | D44: Germany | E44: 33956 | F44: 42295 | G44: 2.8913043 | H44: Unknown | I44: user47@example.com | J44: =IF(E44>80000,"High Salary", "Normal") -> Normal
A45: EMP1042 | B45: Bob Johnson | C45: Unknown | D45: Australia | E45: 64913 | F45: 42302 | G45: 1 | H45: Female | I45: user175@example.com | J45: =IF(E45>80000,"High Salary", "Normal") -> Normal
A46: EMP1043 | B46: Alice Brown | C46: Marketing | D46: Australia | E46: 35326 | F46: 42309 | G46: 2.9120879 | H46: Female | I46: user57@example.com | J46: =IF(E46>80000,"High Salary", "Normal") -> Normal
A47: EMP1044 | B47: Chris Lee | C47: Finance | D47: Unknown | E47: 81610 | F47: 42316 | G47: 1 | H47: Unknown | I47: user20@example.com | J47: =IF(E47>80000,"High Salary", "Normal") -> High Salary
A48: EMP1045 | B48: Unknown | C48: HR | D48: Unknown | E48: 58962 | F48: 42323 | G48: 3 | H48: Other | I48: user106@example.com | J48: =IF(E48>80000,"High Salary", "Normal") -> Normal
A49: EMP1046 | B49: Chris Lee | C49: IT | D49: Germany | E49: 92701 | F49: 42330 | G49: 3 | H49: Other | I49: user199@example.com | J49: =IF(E49>80000,"High Salary", "Normal") -> High Salary
A50: EMP1047 | B50: Chris Lee | C50: HR | D50: India | E50: 58245 | F50: 42337 | G50: 4 | H50: Unknown | I50: user43@example.com | J50: =IF(E50>80000,"High Salary", "Normal") -> Normal
A51: EMP1048 | B51: John Doe | C51: Finance | D51: Unknown | E51: 66513 | F51: 42344 | G51: 2 | H51: Other | I51: user24@example.com | J51: =IF(E51>80000,"High Salary", "Normal") -> Normal
A52: EMP1049 | B52: Eve Adams | C52: HR | D52: Germany | E52: 78720 | F52: 42351 | G52: 5 | H52: Female | I52: user89@example.com | J52: =IF(E52>80000,"High Salary", "Normal") -> Normal
A53: EMP1050 | B53: Chris Lee | C53: Unknown | D53: Unknown | E53: 30686 | F53: Unknown | G53: 2 | H53: Female | I53: user95@example.com | J53: =IF(E53>80000,"High Salary", "Normal") -> Normal
A54: EMP1051 | B54: Sam Wilson | C54: Sales | D54: India | E54: 39423 | F54: 42365 | G54: 5 | H54: Unknown | I54: user59@example.com | J54: =IF(E54>80000,"High Salary", "Normal") -> Normal
A55: EMP1052 | B55: Eve Adams | C55: Marketing | D55: Unknown | E55: 30280 | F55: 42372 | G55: 1 | H55: Unknown | I55: user152@example.com | J55: =IF(E55>80000,"High Salary", "Normal") -> Normal
A56: EMP1053 | B56: Eve Adams | C56: Finance | D56: UK | E56: 33352 | F56: 42379 | G56: 3 | H56: Female | I56: user200@example.com | J56: =IF(E56>80000,"High Salary", "Normal") -> Normal
A57: EMP1054 | B57: Bob Johnson | C57: Marketing | D57: UK | E57: 75633 | F57: 42386 | G57: 5 | H57: Other | I57: user92@example.com | J57: =IF(E57>80000,"High Salary", "Normal") -> Normal
A58: EMP1055 | B58: Chris Lee | C58: Unknown | D58: USA | E58: 74815 | F58: 42393 | G58: 5 | H58: Female | I58: user50@example.com | J58: =IF(E58>80000,"High Salary", "Normal") -> Normal
A59: EMP1056 | B59: John Doe | C59: Sales | D59: Australia | E59: 60011 | F59: 42400 | G59: 1 | H59: Male | I59: user63@example.com | J59: =IF(E59>80000,"High Salary", "Normal") -> Normal
A60: EMP1057 | B60: Eve Adams | C60: Unknown | D60: India | E60: 96949 | F60: 42407 | G60: 3 | H60: Unknown | I60: user103@example.com | J60: =IF(E60>80000,"High Salary", "Normal") -> High Salary
A61: EMP1058 | B61: Sam Wilson | C61: Marketing | D61: Unknown | E61: 84924 | F61: 42414 | G61: 5 | H61: Male | I61: user150@example.com | J61: =IF(E61>80000,"High Salary", "Normal") -> High Salary
A62: EMP1059 | B62: Sam Wilson | C62: Finance | D62: USA | E62: 82033 | F62: 42421 | G62: 1 | H62: Unknown | I62: user20@example.com | J62: =IF(E62>80000,"High Salary", "Normal") -> High Salary
A63: EMP1060 | B63: Unknown | C63: Marketing | D63: Germany | E63: 64763.365 | F63: Unknown | G63: 5 | H63: Unknown | I63: user112@example.com | J63: =IF(E63>80000,"High Salary", "Normal") -> Normal
A64: EMP1061 | B64: Eve Adams | C64: Unknown | D64: Australia | E64: 31499 | F64: 42435 | G64: 2 | H64: Unknown | I64: user31@example.com | J64: =IF(E64>80000,"High Salary", "Normal") -> Normal
A65: EMP1062 | B65: Chris Lee | C65: IT | D65: UK | E65: 97981 | F65: 42442 | G65: 5 | H65: Female | I65: user71@example.com | J65: =IF(E65>80000,"High Salary", "Normal") -> High Salary
A66: EMP1063 | B66: Eve Adams | C66: HR | D66: USA | E66: 36541 | F66: 42449 | G66: 2 | H66: Other | I66: user97@example.com | J66: =IF(E66>80000,"High Salary", "Normal") -> Normal
A67: EMP1064 | B67: John Doe | C67: IT | D67: India | E67: 84737 | F67: 42456 | G67: 1 | H67: Male | I67: user141@example.com | J67: =IF(E67>80000,"High Salary", "Normal") -> High Salary
A68: EMP1065 | B68: Sam Wilson | C68: Finance | D68: India | E68: 33468 | F68: 42463 | G68: 4 | H68: Male | I68: user125@example.com | J68: =IF(E68>80000,"High Salary", "Normal") -> Normal
A69: EMP1066 | B69: Sam Wilson | C69: Unknown | D69: Australia | E69: 96365 | F69: 42470 | G69: 3 | H69: Other | I69: user90@example.com | J69: =IF(E69>80000,"High Salary", "Normal") -> High Salary
A70: EMP1067 | B70: Alice Brown | C70: Sales | D70: India | E70: 61942 | F70: 42477 | G70: 3 | H70: Female | I70: user192@example.com | J70: =IF(E70>80000,"High Salary", "Normal") -> Normal
A71: EMP1068 | B71: Sam Wilson | C71: Finance | D71: UK | E71: 41467 | F71: 42484 | G71: 2 | H71: Unknown | I71: user77@example.com | J71: =IF(E71>80000,"High Salary", "Normal") -> Normal
A72: EMP1069 | B72: Bob Johnson | C72: Finance | D72: India | E72: 77096 | F72: 42491 | G72: 1 | H72: Unknown | I72: user65@example.com | J72: =IF(E72>80000,"High Salary", "Normal") -> Normal
A73: EMP1070 | B73: Eve Adams | C73: Sales | D73: Australia | E73: 69952 | F73: 42498 | G73: 5 | H73: Female | I73: Unknown | J73: =IF(E73>80000,"High Salary", "Normal") -> Normal
A74: EMP1071 | B74: Eve Adams | C74: Marketing | D74: USA | E74: 85065 | F74: 42505 | G74: 3 | H74: Unknown | I74: user142@example.com | J74: =IF(E74>80000,"High Salary", "Normal") -> High Salary
A75: EMP1072 | B75: Bob Johnson | C75: Marketing | D75: India | E75: 56512 | F75: 42512 | G75: 2.8571429 | H75: Other | I75: user153@example.com | J75: =IF(E75>80000,"High Salary", "Normal") -> Normal
... A82: EMP1079 | B82: Chris Lee | C82: Sales | D82: USA | E82: 66079 | F82: 42561 | G82: 2 | H82: Other | I82: user55@example.com | J82: =IF(E82>80000,"High Salary", "Normal") -> Normal
A83: EMP1080 | B83: Eve Adams | C83: Marketing | D83: India | E83: 63575.515 | F83: Unknown | G83: 2.9649123 | H83: Unknown | I83: user135@example.com | J83: =IF(E83>80000,"High Salary", "Normal") -> Normal
A84: EMP1081 | B84: Jane Smith | C84: Sales | D84: USA | E84: 95621 | F84: 42575 | G84: 3 | H84: Female | I84: user156@example.com | J84: =IF(E84>80000,"High Salary", "Normal") -> High Salary
A85: EMP1082 | B85: Eve Adams | C85: IT | D85: UK | E85: 42262 | F85: 42582 | G85: 1 | H85: Unknown | I85: user104@example.com | J85: =IF(E85>80000,"High Salary", "Normal") -> Normal
A86: EMP1083 | B86: Sam Wilson | C86: Sales | D86: India | E86: 99621 | F86: 42589 | G86: 3 | H86: Other | I86: user145@example.com | J86: =IF(E86>80000,"High Salary", "Normal") -> High Salary
A87: EMP1084 | B87: John Doe | C87: Marketing | D87: India | E87: 44682 | F87: 42596 | G87: 4 | H87: Female | I87: user47@example.com | J87: =IF(E87>80000,"High Salary", "Normal") -> Normal
A88: EMP1085 | B88: Chris Lee | C88: Finance | D88: Unknown | E88: 35163 | F88: 42603 | G88: 5 | H88: Other | I88: user197@example.com | J88: =IF(E88>80000,"High Salary", "Normal") -> Normal
A89: EMP1086 | B89: Chris Lee | C89: IT | D89: India | E89: 33483 | F89: 42610 | G89: 4 | H89: Male | I89: user177@example.com | J89: =IF(E89>80000,"High Salary", "Normal") -> Normal
A90: EMP1087 | B90: Sam Wilson | C90: HR | D90: Germany | E90: 55303 | F90: 42617 | G90: 4 | H90: Male | I90: user149@example.com | J90: =IF(E90>80000,"High Salary", "Normal") -> Normal
A91: EMP1088 | B91: Chris Lee | C91: IT | D91: Unknown | E91: 63434 | F91: 42624 | G91: 3 | H91: Unknown | I91: user48@example.com | J91: =IF(E91>80000,"High Salary", "Normal") -> Normal
A92: EMP1089 | B92: Jane Smith | C92: Unknown | D92: Australia | E92: 38830 | F92: 42631 | G92: 3 | H92: Other | I92: user149@example.com | J92: =IF(E92>80000,"High Salary", "Normal") -> Normal
A93: EMP1090 | B93: Unknown | C93: Marketing | D93: UK | E93: 50741 | F93: 42638 | G93: 3 | H93: Unknown | I93: user65@example.com | J93: =IF(E93>80000,"High Salary", "Normal") -> Normal
A94: EMP1091 | B94: Alice Brown | C94: HR | D94: Australia | E94: 69420 | F94: 42645 | G94: 1 | H94: Male | I94: user43@example.com | J94: =IF(E94>80000,"High Salary", "Normal") -> Normal
A95: EMP1092 | B95: Jane Smith | C95: IT | D95: Unknown | E95: 80588 | F95: 42652 | G95: 5 | H95: Male | I95: user98@example.com | J95: =IF(E95>80000,"High Salary", "Normal") -> High Salary
... A112: EMP1109 | B112: Jane Smith | C112: Unknown | D112: India | E112: 88850 | F112: 42771 | G112: 1 | H112: Female | I112: user174@example.com | J112: =IF(E112>80000,"High Salary", "Normal") -> High Salary
A113: EMP1110 | B113: Chris Lee | C113: Sales | D113: India | E113: 31293 | F113: Unknown | G113: 2 | H113: Female | I113: user44@example.com | J113: =IF(E113>80000,"High Salary", "Normal") -> Normal
A114: EMP1111 | B114: Chris Lee | C114: IT | D114: USA | E114: 34306 | F114: 42785 | G114: 5 | H114: Female | I114: user192@example.com | J114: =IF(E114>80000,"High Salary", "Normal") -> Normal
A115: EMP1112 | B115: Eve Adams | C115: Finance | D115: India | E115: 78330 | F115: 42792 | G115: 3 | H115: Other | I115: user76@example.com | J115: =IF(E115>80000,"High Salary", "Normal") -> Normal
A116: EMP1113 | B116: Alice Brown | C116: IT | D116: USA | E116: 47653 | F116: 42799 | G116: 1 | H116: Male | I116: user82@example.com | J116: =IF(E116>80000,"High Salary", "Normal") -> Normal
A117: EMP1114 | B117: Eve Adams | C117: Marketing | D117: UK | E117: 44627 | F117: 42806 | G117: 4 | H117: Unknown | I117: user97@example.com | J117: =IF(E117>80000,"High Salary", "Normal") -> Normal
A118: EMP1115 | B118: Bob Johnson | C118: HR | D118: Germany | E118: 92343 | F118: 42813 | G118: 4 | H118: Female | I118: user149@example.com | J118: =IF(E118>80000,"High Salary", "Normal") -> High Salary
A119: EMP1116 | B119: Bob Johnson | C119: Marketing | D119: Australia | E119: 38837 | F119: 42820 | G119: 5 | H119: Female | I119: user192@example.com | J119: =IF(E119>80000,"High Salary", "Normal") -> Normal
A120: EMP1117 | B120: Bob Johnson | C120: Marketing | D120: Unknown | E120: 73483 | F120: 42827 | G120: 1 | H120: Unknown | I120: user137@example.com | J120: =IF(E120>80000,"High Salary", "Normal") -> Normal
A121: EMP1118 | B121: Chris Lee | C121: Sales | D121: India | E121: 95032 | F121: 42834 | G121: 3 | H121: Unknown | I121: user23@example.com | J121: =IF(E121>80000,"High Salary", "Normal") -> High Salary
A122: EMP1119 | B122: Eve Adams | C122: Sales | D122: Australia | E122: 44358 | F122: 42841 | G122: 3 | H122: Female | I122: user200@example.com | J122: =IF(E122>80000,"High Salary", "Normal") -> Normal
A123: EMP1120 | B123: Unknown | C123: IT | D123: USA | E123: 63232.929 | F123: Unknown | G123: 5 | H123: Unknown | I123: user101@example.com | J123: =IF(E123>80000,"High Salary", "Normal") -> Normal
A124: EMP1121 | B124: Chris Lee | C124: Sales | D124: USA | E124: 45676 | F124: 42855 | G124: 2 | H124: Unknown | I124: user132@example.com | J124: =IF(E124>80000,"High Salary", "Normal") -> Normal
A125: EMP1122 | B125: Bob Johnson | C125: Sales | D125: Germany | E125: 52036 | F125: 42862 | G125: 3 | H125: Male | I125: user171@example.com | J125: =IF(E125>80000,"High Salary", "Normal") -> Normal
A126: EMP1123 | B126: Jane Smith | C126: Unknown | D126: Germany | E126: 30357 | F126: 42869 | G126: 5 | H126: Male | I126: user145@example.com | J126: =IF(E126>80000,"High Salary", "Normal") -> Normal
A127: EMP1124 | B127: John Doe | C127: IT | D127: Unknown | E127: 60034 | F127: 42876 | G127: 1 | H127: Female | I127: user75@example.com | J127: =IF(E127>80000,"High Salary", "Normal") -> Normal
A128: EMP1125 | B128: John Doe | C128: Finance | D128: Unknown | E128: 90019 | F128: 42883 | G128: 5 | H128: Unknown | I128: user52@example.com | J128: =IF(E128>80000,"High Salary", "Normal") -> High Salary
...

Sheet Text  Cleanup
B1: DAY 5 – Text Cleaning with Excel Functions
A2: Employee ID | B2: Name | C2: Department | D2: Country | E2: Salary | F2: Date of Joining | G2: Performance Rating | H2: Gender | I2: Email | J2: Salary Category
A3: EMP1000 | B3: Unknown | C3: Finance | D3: Unknown | E3: 66280.93 | F3: Unknown | G3: 2 | H3: Unknown | I3: Unknown | J3: =IF(E3>80000,"High Salary", "Normal") -> Normal
A4: EMP1001 | B4: Eve Adams | C4: HR | D4: Germany | E4: 54255 | F4: 42015 | G4: 1 | H4: Other | I4: user106@example.com | J4: =IF(E4>80000,"High Salary", "Normal") -> Normal | L4: Column Name | M4: Description | N4: Formula Used | O4: Example
A5: EMP1002 | B5: Alice Brown | C5: Finance | D5: Germany | E5: 63184 | F5: 42022 | G5: 2 | H5: Unknown | I5: user176@example.com | J5: =IF(E5>80000,"High Salary", "Normal") -> Normal
A6: EMP1003 | B6: John Doe | C6: Sales | D6: USA | E6: 94406 | F6: 42029 | G6: 1 | H6: Male | I6: user168@example.com | J6: =IF(E6>80000,"High Salary", "Normal") -> High Salary | L6: Name | M6: Convert to proper case | N6: PROPER | O6: =PROPER(B8) -> Alice Brown
A7: EMP1004 | B7: Jane Smith | C7: Sales | D7: Germany | E7: 64120 | F7: 42036 | G7: 1 | H7: Male | I7: user49@example.com | J7: =IF(E7>80000,"High Salary", "Normal") -> Normal | L7: Department | M7: Convert to UPPERCASE | N7: UPPER() | O7: =UPPER(C12) -> HR
A8: EMP1005 | B8: Alice Brown | C8: IT | D8: India | E8: 78421 | F8: 42043 | G8: 2 | H8: Female | I8: user24@example.com | J8: =IF(E8>80000,"High Salary", "Normal") -> Normal | L8: Country | M8: Convert to lowercase | N8: LOWER() | O8: =LOWER(D6) -> usa
A9: EMP1006 | B9: Sam Wilson | C9: Sales | D9: Unknown | E9: 67721 | F9: 42050 | G9: 2.9411765 | H9: Male | I9: user168@example.com | J9: =IF(E9>80000,"High Salary", "Normal") -> Normal | L9: Email | M9: Extract left part of text | N9: LEFT() | O9: =LEFT(I4,"7") -> user106
A10: EMP1007 | B10: Chris Lee | C10: Marketing | D10: Unknown | E10: 35364 | F10: 42057 | G10: 2 | H10: Other | I10: user26@example.com | J10: =IF(E10>80000,"High Salary", "Normal") -> Normal | L10: Name | M10: Extract right part of text | N10: RIGHT() | O10: =RIGHT(B7,"5") -> Smith
A11: EMP1008 | B11: Alice Brown | C11: IT | D11: Germany | E11: 97881 | F11: 42064 | G11: 2.9491525 | H11: Female | I11: user25@example.com | J11: =IF(E11>80000,"High Salary", "Normal") -> High Salary | L11: Email | M11: Extract middle characters | N11: MID() | O11: =MID(I13,7,1) -> @
A12: EMP1009 | B12: Chris Lee | C12: HR | D12: UK | E12: 91846 | F12: 42071 | G12: 2.9491525 | H12: Male | I12: user153@example.com | J12: =IF(E12>80000,"High Salary", "Normal") -> High Salary | L12: Name | M12: Remove extra spaces | N12: TRIM() | O12: =TRIM(B13) -> Sam Wilson
A13: EMP1010 | B13: Sam Wilson | C13: Finance | D13: UK | E13: 64247 | F13: 42078 | G13: 1 | H13: Female | I13: user18@example.com | J13: =IF(E13>80000,"High Salary", "Normal") -> Normal
A14: EMP1011 | B14: Sam Wilson | C14: IT | D14: USA | E14: 91180 | F14: 42085 | G14: 5 | H14: Male | I14: user1@example.com | J14: =IF(E14>80000,"High Salary", "Normal") -> High Salary
A15: EMP1012 | B15: Bob Johnson | C15: Sales | D15: Unknown | E15: 96418 | F15: 42092 | G15: 5 | H15: Male | I15: user106@example.com | J15: =IF(E15>80000,"High Salary", "Normal") -> High Salary
A16: EMP1013 | B16: Sam Wilson | C16: Unknown | D16: India | E16: 62158 | F16: 42099 | G16: 4 | H16: Unknown | I16: user180@example.com | J16: =IF(E16>80000,"High Salary", "Normal") -> Normal
A17: EMP1014 | B17: Jane Smith | C17: HR | D17: Unknown | E17: 59894 | F17: 42106 | G17: 2 | H17: Male | I17: user184@example.com | J17: =IF(E17>80000,"High Salary", "Normal") -> Normal
A18: EMP1015 | B18: Unknown | C18: IT | D18: India | E18: 92443 | F18: 42113 | G18: 3 | H18: Other | I18: user3@example.com | J18: =IF(E18>80000,"High Salary", "Normal") -> High Salary
A19: EMP1016 | B19: Bob Johnson | C19: Unknown | D19: Germany | E19: 90271 | F19: 42120 | G19: 2.9285714 | H19: Unknown | I19: user64@example.com | J19: =IF(E19>80000,"High Salary", "Normal") -> High Salary
A20: EMP1017 | B20: Jane Smith | C20: Finance | D20: Australia | E20: 41341 | F20: 42127 | G20: 1 | H20: Other | I20: user38@example.com | J20: =IF(E20>80000,"High Salary", "Normal") -> Normal
A21: EMP1018 | B21: Alice Brown | C21: Finance | D21: UK | E21: 73602 | F21: 42134 | G21: 2.9459459 | H21: Unknown | I21: user96@example.com | J21: =IF(E21>80000,"High Salary", "Normal") -> Normal
A22: EMP1019 | B22: Eve Adams | C22: Unknown | D22: India | E22: 67531 | F22: 42141 | G22: 5 | H22: Female | I22: user151@example.com | J22: =IF(E22>80000,"High Salary", "Normal") -> Normal
A23: EMP1020 | B23: Jane Smith | C23: HR | D23: USA | E23: 65248.854 | F23: 42148 | G23: 2 | H23: Other | I23: user200@example.com | J23: =IF(E23>80000,"High Salary", "Normal") -> Normal
A24: EMP1021 | B24: Jane Smith | C24: HR | D24: Unknown | E24: 98922 | F24: 42155 | G24: 4 | H24: Unknown | I24: user77@example.com | J24: =IF(E24>80000,"High Salary", "Normal") -> High Salary
... A32: EMP1029 | B32: Bob Johnson | C32: Marketing | D32: UK | E32: 92959 | F32: 42211 | G32: 5 | H32: Unknown | I32: user83@example.com | J32: =IF(E32>80000,"High Salary", "Normal") -> High Salary
A33: EMP1030 | B33: Unknown | C33: Marketing | D33: Unknown | E33: 92259 | F33: Unknown | G33: 1 | H33: Unknown | I33: user109@example.com | J33: =IF(E33>80000,"High Salary", "Normal") -> High Salary
A34: EMP1031 | B34: Eve Adams | C34: HR | D34: Germany | E34: 92299 | F34: 42225 | G34: 3 | H34: Male | I34: user143@example.com | J34: =IF(E34>80000,"High Salary", "Normal") -> High Salary
A35: EMP1032 | B35: Sam Wilson | C35: HR | D35: Unknown | E35: 95586 | F35: 42232 | G35: 3 | H35: Other | I35: user190@example.com | J35: =IF(E35>80000,"High Salary", "Normal") -> High Salary
A36: EMP1033 | B36: Chris Lee | C36: Unknown | D36: USA | E36: 95367 | F36: 42239 | G36: 2.9381443 | H36: Male | I36: user136@example.com | J36: =IF(E36>80000,"High Salary", "Normal") -> High Salary
A37: EMP1034 | B37: John Doe | C37: Sales | D37: Australia | E37: 79549 | F37: 42246 | G37: 3 | H37: Unknown | I37: user198@example.com | J37: =IF(E37>80000,"High Salary", "Normal") -> Normal
A38: EMP1035 | B38: Alice Brown | C38: Unknown | D38: UK | E38: 54463 | F38: 42253 | G38: 4 | H38: Male | I38: Unknown | J38: =IF(E38>80000,"High Salary", "Normal") -> Normal
A39: EMP1036 | B39: Alice Brown | C39: IT | D39: USA | E39: 89781 | F39: 42260 | G39: 2.9263158 | H39: Female | I39: user31@example.com | J39: =IF(E39>80000,"High Salary", "Normal") -> High Salary
A40: EMP1037 | B40: Alice Brown | C40: HR | D40: Unknown | E40: 64796 | F40: 42267 | G40: 2.9263158 | H40: Other | I40: user98@example.com | J40: =IF(E40>80000,"High Salary", "Normal") -> Normal
A41: EMP1038 | B41: John Doe | C41: Marketing | D41: UK | E41: 52093 | F41: 42274 | G41: 5 | H41: Unknown | I41: user154@example.com | J41: =IF(E41>80000,"High Salary", "Normal") -> Normal
A42: EMP1039 | B42: Chris Lee | C42: HR | D42: UK | E42: 48224 | F42: 42281 | G42: 3 | H42: Unknown | I42: user42@example.com | J42: =IF(E42>80000,"High Salary", "Normal") -> Normal
A43: EMP1040 | B43: Bob Johnson | C43: Finance | D43: UK | E43: 64268.635 | F43: Unknown | G43: 4 | H43: Female | I43: user89@example.com | J43: =IF(E43>80000,"High Salary", "Normal") -> Normal
A44: EMP1041 | B44: Alice Brown | C44: IT | D44: Germany | E44: 33956 | F44: 42295 | G44: 2.8913043 | H44: Unknown | I44: user47@example.com | J44: =IF(E44>80000,"High Salary", "Normal") -> Normal
A45: EMP1042 | B45: Bob Johnson | C45: Unknown | D45: Australia | E45: 64913 | F45: 42302 | G45: 1 | H45: Female | I45: user175@example.com | J45: =IF(E45>80000,"High Salary", "Normal") -> Normal
A46: EMP1043 | B46: Alice Brown | C46: Marketing | D46: Australia | E46: 35326 | F46: 42309 | G46: 2.9120879 | H46: Female | I46: user57@example.com | J46: =IF(E46>80000,"High Salary", "Normal") -> Normal
A47: EMP1044 | B47: Chris Lee | C47: Finance | D47: Unknown | E47: 81610 | F47: 42316 | G47: 1 | H47: Unknown | I47: user20@example.com | J47: =IF(E47>80000,"High Salary", "Normal") -> High Salary
A48: EMP1045 | B48: Unknown | C48: HR | D48: Unknown | E48: 58962 | F48: 42323 | G48: 3 | H48: Other | I48: user106@example.com | J48: =IF(E48>80000,"High Salary", "Normal") -> Normal
A49: EMP1046 | B49: Chris Lee | C49: IT | D49: Germany | E49: 92701 | F49: 42330 | G49: 3 | H49: Other | I49: user199@example.com | J49: =IF(E49>80000,"High Salary", "Normal") -> High Salary
A50: EMP1047 | B50: Chris Lee | C50: HR | D50: India | E50: 58245 | F50: 42337 | G50: 4 | H50: Unknown | I50: user43@example.com | J50: =IF(E50>80000,"High Salary", "Normal") -> Normal
A51: EMP1048 | B51: John Doe | C51: Finance | D51: Unknown | E51: 66513 | F51: 42344 | G51: 2 | H51: Other | I51: user24@example.com | J51: =IF(E51>80000,"High Salary", "Normal") -> Normal
A52: EMP1049 | B52: Eve Adams | C52: HR | D52: Germany | E52: 78720 | F52: 42351 | G52: 5 | H52: Female | I52: user89@example.com | J52: =IF(E52>80000,"High Salary", "Normal") -> Normal
A53: EMP1050 | B53: Chris Lee | C53: Unknown | D53: Unknown | E53: 30686 | F53: Unknown | G53: 2 | H53: Female | I53: user95@example.com | J53: =IF(E53>80000,"High Salary", "Normal") -> Normal
A54: EMP1051 | B54: Sam Wilson | C54: Sales | D54: India | E54: 39423 | F54: 42365 | G54: 5 | H54: Unknown | I54: user59@example.com | J54: =IF(E54>80000,"High Salary", "Normal") -> Normal
A55: EMP1052 | B55: Eve Adams | C55: Marketing | D55: Unknown | E55: 30280 | F55: 42372 | G55: 1 | H55: Unknown | I55: user152@example.com | J55: =IF(E55>80000,"High Salary", "Normal") -> Normal
A56: EMP1053 | B56: Eve Adams | C56: Finance | D56: UK | E56: 33352 | F56: 42379 | G56: 3 | H56: Female | I56: user200@example.com | J56: =IF(E56>80000,"High Salary", "Normal") -> Normal
A57: EMP1054 | B57: Bob Johnson | C57: Marketing | D57: UK | E57: 75633 | F57: 42386 | G57: 5 | H57: Other | I57: user92@example.com | J57: =IF(E57>80000,"High Salary", "Normal") -> Normal
A58: EMP1055 | B58: Chris Lee | C58: Unknown | D58: USA | E58: 74815 | F58: 42393 | G58: 5 | H58: Female | I58: user50@example.com | J58: =IF(E58>80000,"High Salary", "Normal") -> Normal
A59: EMP1056 | B59: John Doe | C59: Sales | D59: Australia | E59: 60011 | F59: 42400 | G59: 1 | H59: Male | I59: user63@example.com | J59: =IF(E59>80000,"High Salary", "Normal") -> Normal
A60: EMP1057 | B60: Eve Adams | C60: Unknown | D60: India | E60: 96949 | F60: 42407 | G60: 3 | H60: Unknown | I60: user103@example.com | J60: =IF(E60>80000,"High Salary", "Normal") -> High Salary
A61: EMP1058 | B61: Sam Wilson | C61: Marketing | D61: Unknown | E61: 84924 | F61: 42414 | G61: 5 | H61: Male | I61: user150@example.com | J61: =IF(E61>80000,"High Salary", "Normal") -> High Salary
A62: EMP1059 | B62: Sam Wilson | C62: Finance | D62: USA | E62: 82033 | F62: 42421 | G62: 1 | H62: Unknown | I62: user20@example.com | J62: =IF(E62>80000,"High Salary", "Normal") -> High Salary
A63: EMP1060 | B63: Unknown | C63: Marketing | D63: Germany | E63: 64763.365 | F63: Unknown | G63: 5 | H63: Unknown | I63: user112@example.com | J63: =IF(E63>80000,"High Salary", "Normal") -> Normal
A64: EMP1061 | B64: Eve Adams | C64: Unknown | D64: Australia | E64: 31499 | F64: 42435 | G64: 2 | H64: Unknown | I64: user31@example.com | J64: =IF(E64>80000,"High Salary", "Normal") -> Normal
A65: EMP1062 | B65: Chris Lee | C65: IT | D65: UK | E65: 97981 | F65: 42442 | G65: 5 | H65: Female | I65: user71@example.com | J65: =IF(E65>80000,"High Salary", "Normal") -> High Salary
A66: EMP1063 | B66: Eve Adams | C66: HR | D66: USA | E66: 36541 | F66: 42449 | G66: 2 | H66: Other | I66: user97@example.com | J66: =IF(E66>80000,"High Salary", "Normal") -> Normal
A67: EMP1064 | B67: John Doe | C67: IT | D67: India | E67: 84737 | F67: 42456 | G67: 1 | H67: Male | I67: user141@example.com | J67: =IF(E67>80000,"High Salary", "Normal") -> High Salary
A68: EMP1065 | B68: Sam Wilson | C68: Finance | D68: India | E68: 33468 | F68: 42463 | G68: 4 | H68: Male | I68: user125@example.com | J68: =IF(E68>80000,"High Salary", "Normal") -> Normal
A69: EMP1066 | B69: Sam Wilson | C69: Unknown | D69: Australia | E69: 96365 | F69: 42470 | G69: 3 | H69: Other | I69: user90@example.com | J69: =IF(E69>80000,"High Salary", "Normal") -> High Salary
A70: EMP1067 | B70: Alice Brown | C70: Sales | D70: India | E70: 61942 | F70: 42477 | G70: 3 | H70: Female | I70: user192@example.com | J70: =IF(E70>80000,"High Salary", "Normal") -> Normal
A71: EMP1068 | B71: Sam Wilson | C71: Finance | D71: UK | E71: 41467 | F71: 42484 | G71: 2 | H71: Unknown | I71: user77@example.com | J71: =IF(E71>80000,"High Salary", "Normal") -> Normal
A72: EMP1069 | B72: Bob Johnson | C72: Finance | D72: India | E72: 77096 | F72: 42491 | G72: 1 | H72: Unknown | I72: user65@example.com | J72: =IF(E72>80000,"High Salary", "Normal") -> Normal
A73: EMP1070 | B73: Eve Adams | C73: Sales | D73: Australia | E73: 69952 | F73: 42498 | G73: 5 | H73: Female | I73: Unknown | J73: =IF(E73>80000,"High Salary", "Normal") -> Normal
A74: EMP1071 | B74: Eve Adams | C74: Marketing | D74: USA | E74: 85065 | F74: 42505 | G74: 3 | H74: Unknown | I74: user142@example.com | J74: =IF(E74>80000,"High Salary", "Normal") -> High Salary
A75: EMP1072 | B75: Bob Johnson | C75: Marketing | D75: India | E75: 56512 | F75: 42512 | G75: 2.8571429 | H75: Other | I75: user153@example.com | J75: =IF(E75>80000,"High Salary", "Normal") -> Normal
... A82: EMP1079 | B82: Chris Lee | C82: Sales | D82: USA | E82: 66079 | F82: 42561 | G82: 2 | H82: Other | I82: user55@example.com | J82: =IF(E82>80000,"High Salary", "Normal") -> Normal
A83: EMP1080 | B83: Eve Adams | C83: Marketing | D83: India | E83: 63575.515 | F83: Unknown | G83: 2.9649123 | H83: Unknown | I83: user135@example.com | J83: =IF(E83>80000,"High Salary", "Normal") -> Normal
A84: EMP1081 | B84: Jane Smith | C84: Sales | D84: USA | E84: 95621 | F84: 42575 | G84: 3 | H84: Female | I84: user156@example.com | J84: =IF(E84>80000,"High Salary", "Normal") -> High Salary
A85: EMP1082 | B85: Eve Adams | C85: IT | D85: UK | E85: 42262 | F85: 42582 | G85: 1 | H85: Unknown | I85: user104@example.com | J85: =IF(E85>80000,"High Salary", "Normal") -> Normal
A86: EMP1083 | B86: Sam Wilson | C86: Sales | D86: India | E86: 99621 | F86: 42589 | G86: 3 | H86: Other | I86: user145@example.com | J86: =IF(E86>80000,"High Salary", "Normal") -> High Salary
A87: EMP1084 | B87: John Doe | C87: Marketing | D87: India | E87: 44682 | F87: 42596 | G87: 4 | H87: Female | I87: user47@example.com | J87: =IF(E87>80000,"High Salary", "Normal") -> Normal
A88: EMP1085 | B88: Chris Lee | C88: Finance | D88: Unknown | E88: 35163 | F88: 42603 | G88: 5 | H88: Other | I88: user197@example.com | J88: =IF(E88>80000,"High Salary", "Normal") -> Normal
A89: EMP1086 | B89: Chris Lee | C89: IT | D89: India | E89: 33483 | F89: 42610 | G89: 4 | H89: Male | I89: user177@example.com | J89: =IF(E89>80000,"High Salary", "Normal") -> Normal
A90: EMP1087 | B90: Sam Wilson | C90: HR | D90: Germany | E90: 55303 | F90: 42617 | G90: 4 | H90: Male | I90: user149@example.com | J90: =IF(E90>80000,"High Salary", "Normal") -> Normal
A91: EMP1088 | B91: Chris Lee | C91: IT | D91: Unknown | E91: 63434 | F91: 42624 | G91: 3 | H91: Unknown | I91: user48@example.com | J91: =IF(E91>80000,"High Salary", "Normal") -> Normal
A92: EMP1089 | B92: Jane Smith | C92: Unknown | D92: Australia | E92: 38830 | F92: 42631 | G92: 3 | H92: Other | I92: user149@example.com | J92: =IF(E92>80000,"High Salary", "Normal") -> Normal
A93: EMP1090 | B93: Unknown | C93: Marketing | D93: UK | E93: 50741 | F93: 42638 | G93: 3 | H93: Unknown | I93: user65@example.com | J93: =IF(E93>80000,"High Salary", "Normal") -> Normal
A94: EMP1091 | B94: Alice Brown | C94: HR | D94: Australia | E94: 69420 | F94: 42645 | G94: 1 | H94: Male | I94: user43@example.com | J94: =IF(E94>80000,"High Salary", "Normal") -> Normal
A95: EMP1092 | B95: Jane Smith | C95: IT | D95: Unknown | E95: 80588 | F95: 42652 | G95: 5 | H95: Male | I95: user98@example.com | J95: =IF(E95>80000,"High Salary", "Normal") -> High Salary
... A112: EMP1109 | B112: Jane Smith | C112: Unknown | D112: India | E112: 88850 | F112: 42771 | G112: 1 | H112: Female | I112: user174@example.com | J112: =IF(E112>80000,"High Salary", "Normal") -> High Salary
A113: EMP1110 | B113: Chris Lee | C113: Sales | D113: India | E113: 31293 | F113: Unknown | G113: 2 | H113: Female | I113: user44@example.com | J113: =IF(E113>80000,"High Salary", "Normal") -> Normal
A114: EMP1111 | B114: Chris Lee | C114: IT | D114: USA | E114: 34306 | F114: 42785 | G114: 5 | H114: Female | I114: user192@example.com | J114: =IF(E114>80000,"High Salary", "Normal") -> Normal
A115: EMP1112 | B115: Eve Adams | C115: Finance | D115: India | E115: 78330 | F115: 42792 | G115: 3 | H115: Other | I115: user76@example.com | J115: =IF(E115>80000,"High Salary", "Normal") -> Normal
A116: EMP1113 | B116: Alice Brown | C116: IT | D116: USA | E116: 47653 | F116: 42799 | G116: 1 | H116: Male | I116: user82@example.com | J116: =IF(E116>80000,"High Salary", "Normal") -> Normal
A117: EMP1114 | B117: Eve Adams | C117: Marketing | D117: UK | E117: 44627 | F117: 42806 | G117: 4 | H117: Unknown | I117: user97@example.com | J117: =IF(E117>80000,"High Salary", "Normal") -> Normal
A118: EMP1115 | B118: Bob Johnson | C118: HR | D118: Germany | E118: 92343 | F118: 42813 | G118: 4 | H118: Female | I118: user149@example.com | J118: =IF(E118>80000,"High Salary", "Normal") -> High Salary
A119: EMP1116 | B119: Bob Johnson | C119: Marketing | D119: Australia | E119: 38837 | F119: 42820 | G119: 5 | H119: Female | I119: user192@example.com | J119: =IF(E119>80000,"High Salary", "Normal") -> Normal
A120: EMP1117 | B120: Bob Johnson | C120: Marketing | D120: Unknown | E120: 73483 | F120: 42827 | G120: 1 | H120: Unknown | I120: user137@example.com | J120: =IF(E120>80000,"High Salary", "Normal") -> Normal
A121: EMP1118 | B121: Chris Lee | C121: Sales | D121: India | E121: 95032 | F121: 42834 | G121: 3 | H121: Unknown | I121: user23@example.com | J121: =IF(E121>80000,"High Salary", "Normal") -> High Salary
A122: EMP1119 | B122: Eve Adams | C122: Sales | D122: Australia | E122: 44358 | F122: 42841 | G122: 3 | H122: Female | I122: user200@example.com | J122: =IF(E122>80000,"High Salary", "Normal") -> Normal
A123: EMP1120 | B123: Unknown | C123: IT | D123: USA | E123: 63232.929 | F123: Unknown | G123: 5 | H123: Unknown | I123: user101@example.com | J123: =IF(E123>80000,"High Salary", "Normal") -> Normal
A124: EMP1121 | B124: Chris Lee | C124: Sales | D124: USA | E124: 45676 | F124: 42855 | G124: 2 | H124: Unknown | I124: user132@example.com | J124: =IF(E124>80000,"High Salary", "Normal") -> Normal
A125: EMP1122 | B125: Bob Johnson | C125: Sales | D125: Germany | E125: 52036 | F125: 42862 | G125: 3 | H125: Male | I125: user171@example.com | J125: =IF(E125>80000,"High Salary", "Normal") -> Normal
A126: EMP1123 | B126: Jane Smith | C126: Unknown | D126: Germany | E126: 30357 | F126: 42869 | G126: 5 | H126: Male | I126: user145@example.com | J126: =IF(E126>80000,"High Salary", "Normal") -> Normal
A127: EMP1124 | B127: John Doe | C127: IT | D127: Unknown | E127: 60034 | F127: 42876 | G127: 1 | H127: Female | I127: user75@example.com | J127: =IF(E127>80000,"High Salary", "Normal") -> Normal
A128: EMP1125 | B128: John Doe | C128: Finance | D128: Unknown | E128: 90019 | F128: 42883 | G128: 5 | H128: Unknown | I128: user52@example.com | J128: =IF(E128>80000,"High Salary", "Normal") -> High Salary
A129: EMP1126 | B129: Bob Johnson | C129: Unknown | D129: Germany | E129: 71494 | F129: 42890 | G129: 3 | H129: Male | I129: user100@example.com | J129: =IF(E129>80000,"High Salary", "Normal") -> Normal
...

Sheet Finding Duplicates
A1: DAY-6 Finding and Removing Duplicates
A2: Employee ID | B2: Name | C2: Department | D2: Country | E2: Salary | F2: Date of Joining | G2: Performance Rating | H2: Gender | I2: Email
A3: EMP1000 | B3: Unknown | C3: Finance | D3: Unknown | E3: 66280.93 | F3: Unknown | G3: 2 | H3: Unknown | I3: Unknown
A4: EMP1001 | B4: Eve Adams | C4: HR | D4: Germany | E4: 54255 | F4: 42015 | G4: 1 | H4: Other | I4: user106@example.com | N4: Check Performed | O4: Result
A5: EMP1002 | B5: Alice Brown | C5: Finance | D5: Germany | E5: 63184 | F5: 42022 | G5: 2 | H5: Unknown | I5: user176@example.com | N5: Duplicate Check Columns | O5: Employee ID, Email
A6: EMP1003 | B6: John Doe | C6: Sales | D6: USA | E6: 94406 | F6: 42029 | G6: 1 | H6: Male | I6: user168@example.com | N6: Duplicate Values Found | O6: 0 duplicates
A7: EMP1004 | B7: Jane Smith | C7: Sales | D7: Germany | E7: 64120 | F7: 42036 | G7: 1 | H7: Male | I7: user49@example.com | N7: Total Records Before Cleaning | O7: 151 rows (example if this is your count)
A8: EMP1005 | B8: Alice Brown | C8: IT | D8: India | E8: 78421 | F8: 42043 | G8: 2 | H8: Female | I8: user24@example.com | N8: Total Records After Cleaning | O8: 151 rows
A9: EMP1006 | B9: Sam Wilson | C9: Sales | D9: Unknown | E9: 67721 | F9: 42050 | G9: 2.9411765 | H9: Male | I9: user168@example.com | N9: Notes | O9: No duplicates found. Data is unique and ready for next step.
A10: EMP1007 | B10: Chris Lee | C10: Marketing | D10: Unknown | E10: 35364 | F10: 42057 | G10: 2 | H10: Other | I10: user26@example.com
A11: EMP1008 | B11: Alice Brown | C11: IT | D11: Germany | E11: 97881 | F11: 42064 | G11: 2.9491525 | H11: Female | I11: user25@example.com
A12: EMP1009 | B12: Chris Lee | C12: HR | D12: UK | E12: 91846 | F12: 42071 | G12: 2.9491525 | H12: Male | I12: user153@example.com
A13: EMP1010 | B13: Sam Wilson | C13: Finance | D13: UK | E13: 64247 | F13: 42078 | G13: 1 | H13: Female | I13: user18@example.com
A14: EMP1011 | B14: Sam Wilson | C14: IT | D14: USA | E14: 91180 | F14: 42085 | G14: 5 | H14: Male | I14: user1@example.com
A15: EMP1012 | B15: Bob Johnson | C15: Sales | D15: Unknown | E15: 96418 | F15: 42092 | G15: 5 | H15: Male | I15: user106@example.com
A16: EMP1013 | B16: Sam Wilson | C16: Unknown | D16: India | E16: 62158 | F16: 42099 | G16: 4 | H16: Unknown | I16: user180@example.com
A17: EMP1014 | B17: Jane Smith | C17: HR | D17: Unknown | E17: 59894 | F17: 42106 | G17: 2 | H17: Male | I17: user184@example.com
A18: EMP1015 | B18: Unknown | C18: IT | D18: India | E18: 92443 | F18: 42113 | G18: 3 | H18: Other | I18: user3@example.com
A19: EMP1016 | B19: Bob Johnson | C19: Unknown | D19: Germany | E19: 90271 | F19: 42120 | G19: 2.9285714 | H19: Unknown | I19: user64@example.com
A20: EMP1017 | B20: Jane Smith | C20: Finance | D20: Australia | E20: 41341 | F20: 42127 | G20: 1 | H20: Other | I20: user38@example.com
A21: EMP1018 | B21: Alice Brown | C21: Finance | D21: UK | E21: 73602 | F21: 42134 | G21: 2.9459459 | H21: Unknown | I21: user96@example.com
... A32: EMP1029 | B32: Bob Johnson | C32: Marketing | D32: UK | E32: 92959 | F32: 42211 | G32: 5 | H32: Unknown | I32: user83@example.com
A33: EMP1030 | B33: Unknown | C33: Marketing | D33: Unknown | E33: 92259 | F33: Unknown | G33: 1 | H33: Unknown | I33: user109@example.com
A34: EMP1031 | B34: Eve Adams | C34: HR | D34: Germany | E34: 92299 | F34: 42225 | G34: 3 | H34: Male | I34: user143@example.com
A35: EMP1032 | B35: Sam Wilson | C35: HR | D35: Unknown | E35: 95586 | F35: 42232 | G35: 3 | H35: Other | I35: user190@example.com
A36: EMP1033 | B36: Chris Lee | C36: Unknown | D36: USA | E36: 95367 | F36: 42239 | G36: 2.9381443 | H36: Male | I36: user136@example.com
A37: EMP1034 | B37: John Doe | C37: Sales | D37: Australia | E37: 79549 | F37: 42246 | G37: 3 | H37: Unknown | I37: user198@example.com
A38: EMP1035 | B38: Alice Brown | C38: Unknown | D38: UK | E38: 54463 | F38: 42253 | G38: 4 | H38: Male | I38: Unknown
A39: EMP1036 | B39: Alice Brown | C39: IT | D39: USA | E39: 89781 | F39: 42260 | G39: 2.9263158 | H39: Female | I39: user31@example.com
A40: EMP1037 | B40: Alice Brown | C40: HR | D40: Unknown | E40: 64796 | F40: 42267 | G40: 2.9263158 | H40: Other | I40: user98@example.com
A41: EMP1038 | B41: John Doe | C41: Marketing | D41: UK | E41: 52093 | F41: 42274 | G41: 5 | H41: Unknown | I41: user154@example.com
A42: EMP1039 | B42: Chris Lee | C42: HR | D42: UK | E42: 48224 | F42: 42281 | G42: 3 | H42: Unknown | I42: user42@example.com
A43: EMP1040 | B43: Bob Johnson | C43: Finance | D43: UK | E43: 64268.635 | F43: Unknown | G43: 4 | H43: Female | I43: user89@example.com
A44: EMP1041 | B44: Alice Brown | C44: IT | D44: Germany | E44: 33956 | F44: 42295 | G44: 2.8913043 | H44: Unknown | I44: user47@example.com
A45: EMP1042 | B45: Bob Johnson | C45: Unknown | D45: Australia | E45: 64913 | F45: 42302 | G45: 1 | H45: Female | I45: user175@example.com
A46: EMP1043 | B46: Alice Brown | C46: Marketing | D46: Australia | E46: 35326 | F46: 42309 | G46: 2.9120879 | H46: Female | I46: user57@example.com
A47: EMP1044 | B47: Chris Lee | C47: Finance | D47: Unknown | E47: 81610 | F47: 42316 | G47: 1 | H47: Unknown | I47: user20@example.com
A48: EMP1045 | B48: Unknown | C48: HR | D48: Unknown | E48: 58962 | F48: 42323 | G48: 3 | H48: Other | I48: user106@example.com
A49: EMP1046 | B49: Chris Lee | C49: IT | D49: Germany | E49: 92701 | F49: 42330 | G49: 3 | H49: Other | I49: user199@example.com
A50: EMP1047 | B50: Chris Lee | C50: HR | D50: India | E50: 58245 | F50: 42337 | G50: 4 | H50: Unknown | I50: user43@example.com
A51: EMP1048 | B51: John Doe | C51: Finance | D51: Unknown | E51: 66513 | F51: 42344 | G51: 2 | H51: Other | I51: user24@example.com
A52: EMP1049 | B52: Eve Adams | C52: HR | D52: Germany | E52: 78720 | F52: 42351 | G52: 5 | H52: Female | I52: user89@example.com
A53: EMP1050 | B53: Chris Lee | C53: Unknown | D53: Unknown | E53: 30686 | F53: Unknown | G53: 2 | H53: Female | I53: user95@example.com
A54: EMP1051 | B54: Sam Wilson | C54: Sales | D54: India | E54: 39423 | F54: 42365 | G54: 5 | H54: Unknown | I54: user59@example.com
A55: EMP1052 | B55: Eve Adams | C55: Marketing | D55: Unknown | E55: 30280 | F55: 42372 | G55: 1 | H55: Unknown | I55: user152@example.com
A56: EMP1053 | B56: Eve Adams | C56: Finance | D56: UK | E56: 33352 | F56: 42379 | G56: 3 | H56: Female | I56: user200@example.com
A57: EMP1054 | B57: Bob Johnson | C57: Marketing | D57: UK | E57: 75633 | F57: 42386 | G57: 5 | H57: Other | I57: user92@example.com
A58: EMP1055 | B58: Chris Lee | C58: Unknown | D58: USA | E58: 74815 | F58: 42393 | G58: 5 | H58: Female | I58: user50@example.com
A59: EMP1056 | B59: John Doe | C59: Sales | D59: Australia | E59: 60011 | F59: 42400 | G59: 1 | H59: Male | I59: user63@example.com
A60: EMP1057 | B60: Eve Adams | C60: Unknown | D60: India | E60: 96949 | F60: 42407 | G60: 3 | H60: Unknown | I60: user103@example.com
A61: EMP1058 | B61: Sam Wilson | C61: Marketing | D61: Unknown | E61: 84924 | F61: 42414 | G61: 5 | H61: Male | I61: user150@example.com
A62: EMP1059 | B62: Sam Wilson | C62: Finance | D62: USA | E62: 82033 | F62: 42421 | G62: 1 | H62: Unknown | I62: user20@example.com
A63: EMP1060 | B63: Unknown | C63: Marketing | D63: Germany | E63: 64763.365 | F63: Unknown | G63: 5 | H63: Unknown | I63: user112@example.com
A64: EMP1061 | B64: Eve Adams | C64: Unknown | D64: Australia | E64: 31499 | F64: 42435 | G64: 2 | H64: Unknown | I64: user31@example.com
A65: EMP1062 | B65: Chris Lee | C65: IT | D65: UK | E65: 97981 | F65: 42442 | G65: 5 | H65: Female | I65: user71@example.com
A66: EMP1063 | B66: Eve Adams | C66: HR | D66: USA | E66: 36541 | F66: 42449 | G66: 2 | H66: Other | I66: user97@example.com
A67: EMP1064 | B67: John Doe | C67: IT | D67: India | E67: 84737 | F67: 42456 | G67: 1 | H67: Male | I67: user141@example.com
A68: EMP1065 | B68: Sam Wilson | C68: Finance | D68: India | E68: 33468 | F68: 42463 | G68: 4 | H68: Male | I68: user125@example.com
A69: EMP1066 | B69: Sam Wilson | C69: Unknown | D69: Australia | E69: 96365 | F69: 42470 | G69: 3 | H69: Other | I69: user90@example.com
A70: EMP1067 | B70: Alice Brown | C70: Sales | D70: India | E70: 61942 | F70: 42477 | G70: 3 | H70: Female | I70: user192@example.com
A71: EMP1068 | B71: Sam Wilson | C71: Finance | D71: UK | E71: 41467 | F71: 42484 | G71: 2 | H71: Unknown | I71: user77@example.com
A72: EMP1069 | B72: Bob Johnson | C72: Finance | D72: India | E72: 77096 | F72: 42491 | G72: 1 | H72: Unknown | I72: user65@example.com
A73: EMP1070 | B73: Eve Adams | C73: Sales | D73: Australia | E73: 69952 | F73: 42498 | G73: 5 | H73: Female | I73: Unknown
A74: EMP1071 | B74: Eve Adams | C74: Marketing | D74: USA | E74: 85065 | F74: 42505 | G74: 3 | H74: Unknown | I74: user142@example.com
A75: EMP1072 | B75: Bob Johnson | C75: Marketing | D75: India | E75: 56512 | F75: 42512 | G75: 2.8571429 | H75: Other | I75: user153@example.com
... A82: EMP1079 | B82: Chris Lee | C82: Sales | D82: USA | E82: 66079 | F82: 42561 | G82: 2 | H82: Other | I82: user55@example.com
A83: EMP1080 | B83: Eve Adams | C83: Marketing | D83: India | E83: 63575.515 | F83: Unknown | G83: 2.9649123 | H83: Unknown | I83: user135@example.com
A84: EMP1081 | B84: Jane Smith | C84: Sales | D84: USA | E84: 95621 | F84: 42575 | G84: 3 | H84: Female | I84: user156@example.com
A85: EMP1082 | B85: Eve Adams | C85: IT | D85: UK | E85: 42262 | F85: 42582 | G85: 1 | H85: Unknown | I85: user104@example.com
A86: EMP1083 | B86: Sam Wilson | C86: Sales | D86: India | E86: 99621 | F86: 42589 | G86: 3 | H86: Other | I86: user145@example.com
A87: EMP1084 | B87: John Doe | C87: Marketing | D87: India | E87: 44682 | F87: 42596 | G87: 4 | H87: Female | I87: user47@example.com
A88: EMP1085 | B88: Chris Lee | C88: Finance | D88: Unknown | E88: 35163 | F88: 42603 | G88: 5 | H88: Other | I88: user197@example.com
A89: EMP1086 | B89: Chris Lee | C89: IT | D89: India | E89: 33483 | F89: 42610 | G89: 4 | H89: Male | I89: user177@example.com
A90: EMP1087 | B90: Sam Wilson | C90: HR | D90: Germany | E90: 55303 | F90: 42617 | G90: 4 | H90: Male | I90: user149@example.com
A91: EMP1088 | B91: Chris Lee | C91: IT | D91: Unknown | E91: 63434 | F91: 42624 | G91: 3 | H91: Unknown | I91: user48@example.com
A92: EMP1089 | B92: Jane Smith | C92: Unknown | D92: Australia | E92: 38830 | F92: 42631 | G92: 3 | H92: Other | I92: user149@example.com
A93: EMP1090 | B93: Unknown | C93: Marketing | D93: UK | E93: 50741 | F93: 42638 | G93: 3 | H93: Unknown | I93: user65@example.com
A94: EMP1091 | B94: Alice Brown | C94: HR | D94: Australia | E94: 69420 | F94: 42645 | G94: 1 | H94: Male | I94: user43@example.com
A95: EMP1092 | B95: Jane Smith | C95: IT | D95: Unknown | E95: 80588 | F95: 42652 | G95: 5 | H95: Male | I95: user98@example.com
... A112: EMP1109 | B112: Jane Smith | C112: Unknown | D112: India | E112: 88850 | F112: 42771 | G112: 1 | H112: Female | I112: user174@example.com
A113: EMP1110 | B113: Chris Lee | C113: Sales | D113: India | E113: 31293 | F113: Unknown | G113: 2 | H113: Female | I113: user44@example.com
A114: EMP1111 | B114: Chris Lee | C114: IT | D114: USA | E114: 34306 | F114: 42785 | G114: 5 | H114: Female | I114: user192@example.com
A115: EMP1112 | B115: Eve Adams | C115: Finance | D115: India | E115: 78330 | F115: 42792 | G115: 3 | H115: Other | I115: user76@example.com
A116: EMP1113 | B116: Alice Brown | C116: IT | D116: USA | E116: 47653 | F116: 42799 | G116: 1 | H116: Male | I116: user82@example.com
A117: EMP1114 | B117: Eve Adams | C117: Marketing | D117: UK | E117: 44627 | F117: 42806 | G117: 4 | H117: Unknown | I117: user97@example.com
A118: EMP1115 | B118: Bob Johnson | C118: HR | D118: Germany | E118: 92343 | F118: 42813 | G118: 4 | H118: Female | I118: user149@example.com
A119: EMP1116 | B119: Bob Johnson | C119: Marketing | D119: Australia | E119: 38837 | F119: 42820 | G119: 5 | H119: Female | I119: user192@example.com
A120: EMP1117 | B120: Bob Johnson | C120: Marketing | D120: Unknown | E120: 73483 | F120: 42827 | G120: 1 | H120: Unknown | I120: user137@example.com
A121: EMP1118 | B121: Chris Lee | C121: Sales | D121: India | E121: 95032 | F121: 42834 | G121: 3 | H121: Unknown | I121: user23@example.com
A122: EMP1119 | B122: Eve Adams | C122: Sales | D122: Australia | E122: 44358 | F122: 42841 | G122: 3 | H122: Female | I122: user200@example.com
A123: EMP1120 | B123: Unknown | C123: IT | D123: USA | E123: 63232.929 | F123: Unknown | G123: 5 | H123: Unknown | I123: user101@example.com
A124: EMP1121 | B124: Chris Lee | C124: Sales | D124: USA | E124: 45676 | F124: 42855 | G124: 2 | H124: Unknown | I124: user132@example.com
A125: EMP1122 | B125: Bob Johnson | C125: Sales | D125: Germany | E125: 52036 | F125: 42862 | G125: 3 | H125: Male | I125: user171@example.com
A126: EMP1123 | B126: Jane Smith | C126: Unknown | D126: Germany | E126: 30357 | F126: 42869 | G126: 5 | H126: Male | I126: user145@example.com
A127: EMP1124 | B127: John Doe | C127: IT | D127: Unknown | E127: 60034 | F127: 42876 | G127: 1 | H127: Female | I127: user75@example.com
A128: EMP1125 | B128: John Doe | C128: Finance | D128: Unknown | E128: 90019 | F128: 42883 | G128: 5 | H128: Unknown | I128: user52@example.com
A129: EMP1126 | B129: Bob Johnson | C129: Unknown | D129: Germany | E129: 71494 | F129: 42890 | G129: 3 | H129: Male | I129: user100@example.com
A130: EMP1127 | B130: John Doe | C130: Finance | D130: USA | E130: 91953 | F130: 42897 | G130: 2 | H130: Male | I130: user83@example.com
A131: EMP1128 | B131: Chris Lee | C131: Sales | D131: USA | E131: 30402 | F131: 42904 | G131: 1 | H131: Unknown | I131: user167@example.com
A132: EMP1129 | B132: Bob Johnson | C132: Unknown | D132: UK | E132: 62994 | F132: 42911 | G132: 3 | H132: Unknown | I132: user175@example.com
...

Sheet  POWER QUERY 1
A1: DAY-7 Power Query
A2: Employee ID | B2: Name | C2: Department | D2: Country | E2: Salary | F2: Date of Joining | G2: Performance Rating | H2: Gender | I2: Email
A3: EMP1000 | B3: Unknown | C3: Finance | D3: Unknown | E3: 62745.947 | F3: Unknown | G3: 2 | H3: Unknown | I3: Unknown | K3: Day 7 – Power Query Cleaning Summary:
A4: EMP1001 | B4: Eve Adams | C4: HR | D4: Germany | E4: 54255 | F4: 42015 | G4: 1 | H4: Other | I4: user106@example.com | K4: ✓ Empty values replaced with Unknown labels
A5: EMP1002 | B5: Alice Brown | C5: Finance | D5: Germany | E5: 63184 | F5: 42022 | G5: 2 | H5: Unknown | I5: user176@example.com | K5: ✓ Trimmed and cleaned text columns
A6: EMP1003 | B6: John Doe | C6: Sales | D6: USA | E6: 94406 | F6: 42029 | G6: 1 | H6: Male | I6: user168@example.com | K6: ✓ Validated and corrected Email field
A7: EMP1004 | B7: Jane Smith | C7: Sales | D7: Germany | E7: 64120 | F7: 42036 | G7: 1 | H7: Male | I7: user49@example.com | K7: ✓ Ensured correct data types for every column
A8: EMP1005 | B8: Alice Brown | C8: IT | D8: India | E8: 78421 | F8: 42043 | G8: 2 | H8: Female | I8: user24@example.com | K8: ✓ Data loaded back with Power Query for auto-refresh capability
A9: EMP1006 | B9: Sam Wilson | C9: Sales | D9: Unknown | E9: 67721 | F9: 42050 | G9: 2.872 | H9: Male | I9: user168@example.com
A10: EMP1007 | B10: Chris Lee | C10: Marketing | D10: Unknown | E10: 35364 | F10: 42057 | G10: 2 | H10: Other | I10: user26@example.com
A11: EMP1008 | B11: Alice Brown | C11: IT | D11: Germany | E11: 97881 | F11: 42064 | G11: 2.872 | H11: Female | I11: user25@example.com
A12: EMP1009 | B12: Chris Lee | C12: HR | D12: UK | E12: 91846 | F12: 42071 | G12: 2.872 | H12: Male | I12: user153@example.com
A13: EMP1010 | B13: Sam Wilson | C13: Finance | D13: UK | E13: 64247 | F13: 42078 | G13: 1 | H13: Female | I13: user18@example.com
A14: EMP1011 | B14: Sam Wilson | C14: IT | D14: USA | E14: 91180 | F14: 42085 | G14: 5 | H14: Male | I14: user1@example.com
A15: EMP1012 | B15: Bob Johnson | C15: Sales | D15: Unknown | E15: 96418 | F15: 42092 | G15: 5 | H15: Male | I15: user106@example.com
A16: EMP1013 | B16: Sam Wilson | C16: Unknown | D16: India | E16: 62158 | F16: 42099 | G16: 4 | H16: Unknown | I16: user180@example.com
A17: EMP1014 | B17: Jane Smith | C17: HR | D17: Unknown | E17: 59894 | F17: 42106 | G17: 2 | H17: Male | I17: user184@example.com
A18: EMP1015 | B18: Unknown | C18: IT | D18: India | E18: 92443 | F18: 42113 | G18: 3 | H18: Other | I18: user3@example.com
A19: EMP1016 | B19: Bob Johnson | C19: Unknown | D19: Germany | E19: 90271 | F19: 42120 | G19: 2.872 | H19: Unknown | I19: user64@example.com
A20: EMP1017 | B20: Jane Smith | C20: Finance | D20: Australia | E20: 41341 | F20: 42127 | G20: 1 | H20: Other | I20: user38@example.com
... A32: EMP1029 | B32: Bob Johnson | C32: Marketing | D32: UK | E32: 92959 | F32: 42211 | G32: 5 | H32: Unknown | I32: user83@example.com
A33: EMP1030 | B33: Unknown | C33: Marketing | D33: Unknown | E33: 92259 | F33: Unknown | G33: 1 | H33: Unknown | I33: user109@example.com
A34: EMP1031 | B34: Eve Adams | C34: HR | D34: Germany | E34: 92299 | F34: 42225 | G34: 3 | H34: Male | I34: user143@example.com
A35: EMP1032 | B35: Sam Wilson | C35: HR | D35: Unknown | E35: 95586 | F35: 42232 | G35: 3 | H35: Other | I35: user190@example.com
A36: EMP1033 | B36: Chris Lee | C36: Unknown | D36: USA | E36: 95367 | F36: 42239 | G36: 2.872 | H36: Male | I36: user136@example.com
A37: EMP1034 | B37: John Doe | C37: Sales | D37: Australia | E37: 79549 | F37: 42246 | G37: 3 | H37: Unknown | I37: user198@example.com
A38: EMP1035 | B38: Alice Brown | C38: Unknown | D38: UK | E38: 54463 | F38: 42253 | G38: 4 | H38: Male | I38: Unknown
A39: EMP1036 | B39: Alice Brown | C39: IT | D39: USA | E39: 89781 | F39: 42260 | G39: 2.872 | H39: Female | I39: user31@example.com
A40: EMP1037 | B40: Alice Brown | C40: HR | D40: Unknown | E40: 64796 | F40: 42267 | G40: 2.872 | H40: Other | I40: user98@example.com
A41: EMP1038 | B41: John Doe | C41: Marketing | D41: UK | E41: 52093 | F41: 42274 | G41: 5 | H41: Unknown | I41: user154@example.com
A42: EMP1039 | B42: Chris Lee | C42: HR | D42: UK | E42: 48224 | F42: 42281 | G42: 3 | H42: Unknown | I42: user42@example.com
A43: EMP1040 | B43: Bob Johnson | C43: Finance | D43: UK | E43: 62745.947 | F43: Unknown | G43: 4 | H43: Female | I43: user89@example.com
A44: EMP1041 | B44: Alice Brown | C44: IT | D44: Germany | E44: 33956 | F44: 42295 | G44: 2.872 | H44: Unknown | I44: user47@example.com
A45: EMP1042 | B45: Bob Johnson | C45: Unknown | D45: Australia | E45: 64913 | F45: 42302 | G45: 1 | H45: Female | I45: user175@example.com
A46: EMP1043 | B46: Alice Brown | C46: Marketing | D46: Australia | E46: 35326 | F46: 42309 | G46: 2.872 | H46: Female | I46: user57@example.com
A47: EMP1044 | B47: Chris Lee | C47: Finance | D47: Unknown | E47: 81610 | F47: 42316 | G47: 1 | H47: Unknown | I47: user20@example.com
A48: EMP1045 | B48: Unknown | C48: HR | D48: Unknown | E48: 58962 | F48: 42323 | G48: 3 | H48: Other | I48: user106@example.com
A49: EMP1046 | B49: Chris Lee | C49: IT | D49: Germany | E49: 92701 | F49: 42330 | G49: 3 | H49: Other | I49: user199@example.com
A50: EMP1047 | B50: Chris Lee | C50: HR | D50: India | E50: 58245 | F50: 42337 | G50: 4 | H50: Unknown | I50: user43@example.com
A51: EMP1048 | B51: John Doe | C51: Finance | D51: Unknown | E51: 66513 | F51: 42344 | G51: 2 | H51: Other | I51: user24@example.com
A52: EMP1049 | B52: Eve Adams | C52: HR | D52: Germany | E52: 78720 | F52: 42351 | G52: 5 | H52: Female | I52: user89@example.com
A53: EMP1050 | B53: Chris Lee | C53: Unknown | D53: Unknown | E53: 30686 | F53: Unknown | G53: 2 | H53: Female | I53: user95@example.com
A54: EMP1051 | B54: Sam Wilson | C54: Sales | D54: India | E54: 39423 | F54: 42365 | G54: 5 | H54: Unknown | I54: user59@example.com
A55: EMP1052 | B55: Eve Adams | C55: Marketing | D55: Unknown | E55: 30280 | F55: 42372 | G55: 1 | H55: Unknown | I55: user152@example.com
A56: EMP1053 | B56: Eve Adams | C56: Finance | D56: UK | E56: 33352 | F56: 42379 | G56: 3 | H56: Female | I56: user200@example.com
A57: EMP1054 | B57: Bob Johnson | C57: Marketing | D57: UK | E57: 75633 | F57: 42386 | G57: 5 | H57: Other | I57: user92@example.com
A58: EMP1055 | B58: Chris Lee | C58: Unknown | D58: USA | E58: 74815 | F58: 42393 | G58: 5 | H58: Female | I58: user50@example.com
A59: EMP1056 | B59: John Doe | C59: Sales | D59: Australia | E59: 60011 | F59: 42400 | G59: 1 | H59: Male | I59: user63@example.com
A60: EMP1057 | B60: Eve Adams | C60: Unknown | D60: India | E60: 96949 | F60: 42407 | G60: 3 | H60: Unknown | I60: user103@example.com
A61: EMP1058 | B61: Sam Wilson | C61: Marketing | D61: Unknown | E61: 84924 | F61: 42414 | G61: 5 | H61: Male | I61: user150@example.com
A62: EMP1059 | B62: Sam Wilson | C62: Finance | D62: USA | E62: 82033 | F62: 42421 | G62: 1 | H62: Unknown | I62: user20@example.com
A63: EMP1060 | B63: Unknown | C63: Marketing | D63: Germany | E63: 62745.947 | F63: Unknown | G63: 5 | H63: Unknown | I63: user112@example.com
A64: EMP1061 | B64: Eve Adams | C64: Unknown | D64: Australia | E64: 31499 | F64: 42435 | G64: 2 | H64: Unknown | I64: user31@example.com
A65: EMP1062 | B65: Chris Lee | C65: IT | D65: UK | E65: 97981 | F65: 42442 | G65: 5 | H65: Female | I65: user71@example.com
A66: EMP1063 | B66: Eve Adams | C66: HR | D66: USA | E66: 36541 | F66: 42449 | G66: 2 | H66: Other | I66: user97@example.com
A67: EMP1064 | B67: John Doe | C67: IT | D67: India | E67: 84737 | F67: 42456 | G67: 1 | H67: Male | I67: user141@example.com
A68: EMP1065 | B68: Sam Wilson | C68: Finance | D68: India | E68: 33468 | F68: 42463 | G68: 4 | H68: Male | I68: user125@example.com
A69: EMP1066 | B69: Sam Wilson | C69: Unknown | D69: Australia | E69: 96365 | F69: 42470 | G69: 3 | H69: Other | I69: user90@example.com
A70: EMP1067 | B70: Alice Brown | C70: Sales | D70: India | E70: 61942 | F70: 42477 | G70: 3 | H70: Female | I70: user192@example.com
A71: EMP1068 | B71: Sam Wilson | C71: Finance | D71: UK | E71: 41467 | F71: 42484 | G71: 2 | H71: Unknown | I71: user77@example.com
A72: EMP1069 | B72: Bob Johnson | C72: Finance | D72: India | E72: 77096 | F72: 42491 | G72: 1 | H72: Unknown | I72: user65@example.com
A73: EMP1070 | B73: Eve Adams | C73: Sales | D73: Australia | E73: 69952 | F73: 42498 | G73: 5 | H73: Female | I73: Unknown
A74: EMP1071 | B74: Eve Adams | C74: Marketing | D74: USA | E74: 85065 | F74: 42505 | G74: 3 | H74: Unknown | I74: user142@example.com
A75: EMP1072 | B75: Bob Johnson | C75: Marketing | D75: India | E75: 56512 | F75: 42512 | G75: 2.872 | H75: Other | I75: user153@example.com
... A82: EMP1079 | B82: Chris Lee | C82: Sales | D82: USA | E82: 66079 | F82: 42561 | G82: 2 | H82: Other | I82: user55@example.com
A83: EMP1080 | B83: Eve Adams | C83: Marketing | D83: India | E83: 62745.947 | F83: Unknown | G83: 2.872 | H83: Unknown | I83: user135@example.com
A84: EMP1081 | B84: Jane Smith | C84: Sales | D84: USA | E84: 95621 | F84: 42575 | G84: 3 | H84: Female | I84: user156@example.com
A85: EMP1082 | B85: Eve Adams | C85: IT | D85: UK | E85: 42262 | F85: 42582 | G85: 1 | H85: Unknown | I85: user104@example.com
A86: EMP1083 | B86: Sam Wilson | C86: Sales | D86: India | E86: 99621 | F86: 42589 | G86: 2.872 | H86: Other | I86: user145@example.com
A87: EMP1084 | B87: John Doe | C87: Marketing | D87: India | E87: 44682 | F87: 42596 | G87: 4 | H87: Female | I87: user47@example.com
A88: EMP1085 | B88: Chris Lee | C88: Finance | D88: Unknown | E88: 35163 | F88: 42603 | G88: 5 | H88: Other | I88: user197@example.com
A89: EMP1086 | B89: Chris Lee | C89: IT | D89: India | E89: 33483 | F89: 42610 | G89: 4 | H89: Male | I89: user177@example.com
A90: EMP1087 | B90: Sam Wilson | C90: HR | D90: Germany | E90: 55303 | F90: 42617 | G90: 4 | H90: Male | I90: user149@example.com
A91: EMP1088 | B91: Chris Lee | C91: IT | D91: Unknown | E91: 63434 | F91: 42624 | G91: 3 | H91: Unknown | I91: user48@example.com
A92: EMP1089 | B92: Jane Smith | C92: Unknown | D92: Australia | E92: 38830 | F92: 42631 | G92: 3 | H92: Other | I92: user149@example.com
A93: EMP1090 | B93: Unknown | C93: Marketing | D93: UK | E93: 50741 | F93: 42638 | G93: 3 | H93: Unknown | I93: user65@example.com
A94: EMP1091 | B94: Alice Brown | C94: HR | D94: Australia | E94: 69420 | F94: 42645 | G94: 1 | H94: Male | I94: user43@example.com
A95: EMP1092 | B95: Jane Smith | C95: IT | D95: Unknown | E95: 80588 | F95: 42652 | G95: 5 | H95: Male | I95: user98@example.com
... A112: EMP1109 | B112: Jane Smith | C112: Unknown | D112: India | E112: 88850 | F112: 42771 | G112: 1 | H112: Female | I112: user174@example.com
A113: EMP1110 | B113: Chris Lee | C113: Sales | D113: India | E113: 31293 | F113: Unknown | G113: 2 | H113: Female | I113: user44@example.com
A114: EMP1111 | B114: Chris Lee | C114: IT | D114: USA | E114: 34306 | F114: 42785 | G114: 5 | H114: Female | I114: user192@example.com
A115: EMP1112 | B115: Eve Adams | C115: Finance | D115: India | E115: 78330 | F115: 42792 | G115: 2.872 | H115: Other | I115: user76@example.com
A116: EMP1113 | B116: Alice Brown | C116: IT | D116: USA | E116: 47653 | F116: 42799 | G116: 1 | H116: Male | I116: user82@example.com
A117: EMP1114 | B117: Eve Adams | C117: Marketing | D117: UK | E117: 44627 | F117: 42806 | G117: 4 | H117: Unknown | I117: user97@example.com
A118: EMP1115 | B118: Bob Johnson | C118: HR | D118: Germany | E118: 92343 | F118: 42813 | G118: 4 | H118: Female | I118: user149@example.com
A119: EMP1116 | B119: Bob Johnson | C119: Marketing | D119: Australia | E119: 38837 | F119: 42820 | G119: 5 | H119: Female | I119: user192@example.com
A120: EMP1117 | B120: Bob Johnson | C120: Marketing | D120: Unknown | E120: 73483 | F120: 42827 | G120: 1 | H120: Unknown | I120: user137@example.com
A121: EMP1118 | B121: Chris Lee | C121: Sales | D121: India | E121: 95032 | F121: 42834 | G121: 3 | H121: Unknown | I121: user23@example.com
A122: EMP1119 | B122: Eve Adams | C122: Sales | D122: Australia | E122: 44358 | F122: 42841 | G122: 2.872 | H122: Female | I122: user200@example.com
A123: EMP1120 | B123: Unknown | C123: IT | D123: USA | E123: 62745.947 | F123: Unknown | G123: 5 | H123: Unknown | I123: user101@example.com
A124: EMP1121 | B124: Chris Lee | C124: Sales | D124: USA | E124: 45676 | F124: 42855 | G124: 2 | H124: Unknown | I124: user132@example.com
A125: EMP1122 | B125: Bob Johnson | C125: Sales | D125: Germany | E125: 52036 | F125: 42862 | G125: 3 | H125: Male | I125: user171@example.com
A126: EMP1123 | B126: Jane Smith | C126: Unknown | D126: Germany | E126: 30357 | F126: 42869 | G126: 5 | H126: Male | I126: user145@example.com
A127: EMP1124 | B127: John Doe | C127: IT | D127: Unknown | E127: 60034 | F127: 42876 | G127: 1 | H127: Female | I127: user75@example.com
A128: EMP1125 | B128: John Doe | C128: Finance | D128: Unknown | E128: 90019 | F128: 42883 | G128: 5 | H128: Unknown | I128: user52@example.com
A129: EMP1126 | B129: Bob Johnson | C129: Unknown | D129: Germany | E129: 71494 | F129: 42890 | G129: 3 | H129: Male | I129: user100@example.com
A130: EMP1127 | B130: John Doe | C130: Finance | D130: USA | E130: 91953 | F130: 42897 | G130: 2 | H130: Male | I130: user83@example.com
A131: EMP1128 | B131: Chris Lee | C131: Sales | D131: USA | E131: 30402 | F131: 42904 | G131: 1 | H131: Unknown | I131: user167@example.com
A132: EMP1129 | B132: Bob Johnson | C132: Unknown | D132: UK | E132: 62994 | F132: 42911 | G132: 2.872 | H132: Unknown | I132: user175@example.com
A133: EMP1130 | B133: Alice Brown | C133: Sales | D133: India | E133: 48289 | F133: Unknown | G133: 3 | H133: Male | I133: user25@example.com
...

Sheet Conditional Formatting
A1: DAY-8 Conditional Formatting (Data Quality Check)
A2: Employee ID | B2: Name | C2: Department | D2: Country | E2: Salary | F2: Date of Joining | G2: Performance Rating | H2: Gender | I2: Email | J2: Salary Category
A3: EMP1000 | B3: Unknown | C3: Finance | D3: Unknown | E3: 66280.93 | F3: Unknown | G3: 2 | H3: Unknown | I3: Unknown | J3: =IF(E3>80000,"High Salary", "Normal") -> Normal
A4: EMP1001 | B4: Eve Adams | C4: HR | D4: Germany | E4: 54255 | F4: 42015 | G4: 1 | H4: Other | I4: user106@example.com | J4: =IF(E4>80000,"High Salary", "Normal") -> Normal
A5: EMP1002 | B5: Alice Brown | C5: Finance | D5: Germany | E5: 63184 | F5: 42022 | G5: 2 | H5: Unknown | I5: user176@example.com | J5: =IF(E5>80000,"High Salary", "Normal") -> Normal
A6: EMP1003 | B6: John Doe | C6: Sales | D6: USA | E6: 94406 | F6: 42029 | G6: 1 | H6: Male | I6: user168@example.com | J6: =IF(E6>80000,"High Salary", "Normal") -> High Salary
A7: EMP1004 | B7: Jane Smith | C7: Sales | D7: Germany | E7: 64120 | F7: 42036 | G7: 1 | H7: Male | I7: user49@example.com | J7: =IF(E7>80000,"High Salary", "Normal") -> Normal
A8: EMP1005 | B8: Alice Brown | C8: IT | D8: India | E8: 78421 | F8: 42043 | G8: 2 | H8: Female | I8: user24@example.com | J8: =IF(E8>80000,"High Salary", "Normal") -> Normal
A9: EMP1006 | B9: Sam Wilson | C9: Sales | D9: Unknown | E9: 67721 | F9: 42050 | G9: 2.9411765 | H9: Male | I9: user168@example.com | J9: =IF(E9>80000,"High Salary", "Normal") -> Normal
A10: EMP1007 | B10: Chris Lee | C10: Marketing | D10: Unknown | E10: 35364 | F10: 42057 | G10: 2 | H10: Other | I10: user26@example.com | J10: =IF(E10>80000,"High Salary", "Normal") -> Normal
A11: EMP1008 | B11: Alice Brown | C11: IT | D11: Germany | E11: 97881 | F11: 42064 | G11: 2.9491525 | H11: Female | I11: user25@example.com | J11: =IF(E11>80000,"High Salary", "Normal") -> High Salary
A12: EMP1009 | B12: Chris Lee | C12: HR | D12: UK | E12: 91846 | F12: 42071 | G12: 2.9491525 | H12: Male | I12: user153@example.com | J12: =IF(E12>80000,"High Salary", "Normal") -> High Salary
A13: EMP1010 | B13: Sam Wilson | C13: Finance | D13: UK | E13: 64247 | F13: 42078 | G13: 1 | H13: Female | I13: user18@example.com | J13: =IF(E13>80000,"High Salary", "Normal") -> Normal
A14: EMP1011 | B14: Sam Wilson | C14: IT | D14: USA | E14: 91180 | F14: 42085 | G14: 5 | H14: Male | I14: user1@example.com | J14: =IF(E14>80000,"High Salary", "Normal") -> High Salary
A15: EMP1012 | B15: Bob Johnson | C15: Sales | D15: Unknown | E15: 96418 | F15: 42092 | G15: 5 | H15: Male | I15: user106@example.com | J15: =IF(E15>80000,"High Salary", "Normal") -> High Salary
... A32: EMP1029 | B32: Bob Johnson | C32: Marketing | D32: UK | E32: 92959 | F32: 42211 | G32: 5 | H32: Unknown | I32: user83@example.com | J32: =IF(E32>80000,"High Salary", "Normal") -> High Salary
A33: EMP1030 | B33: Unknown | C33: Marketing | D33: Unknown | E33: 92259 | F33: Unknown | G33: 1 | H33: Unknown | I33: user109@example.com | J33: =IF(E33>80000,"High Salary", "Normal") -> High Salary
A34: EMP1031 | B34: Eve Adams | C34: HR | D34: Germany | E34: 92299 | F34: 42225 | G34: 3 | H34: Male | I34: user143@example.com | J34: =IF(E34>80000,"High Salary", "Normal") -> High Salary
A35: EMP1032 | B35: Sam Wilson | C35: HR | D35: Unknown | E35: 95586 | F35: 42232 | G35: 3 | H35: Other | I35: user190@example.com | J35: =IF(E35>80000,"High Salary", "Normal") -> High Salary
A36: EMP1033 | B36: Chris Lee | C36: Unknown | D36: USA | E36: 95367 | F36: 42239 | G36: 2.9381443 | H36: Male | I36: user136@example.com | J36: =IF(E36>80000,"High Salary", "Normal") -> High Salary
A37: EMP1034 | B37: John Doe | C37: Sales | D37: Australia | E37: 79549 | F37: 42246 | G37: 3 | H37: Unknown | I37: user198@example.com | J37: =IF(E37>80000,"High Salary", "Normal") -> Normal
A38: EMP1035 | B38: Alice Brown | C38: Unknown | D38: UK | E38: 54463 | F38: 42253 | G38: 4 | H38: Male | I38: Unknown | J38: =IF(E38>80000,"High Salary", "Normal") -> Normal
A39: EMP1036 | B39: Alice Brown | C39: IT | D39: USA | E39: 89781 | F39: 42260 | G39: 2.9263158 | H39: Female | I39: user31@example.com | J39: =IF(E39>80000,"High Salary", "Normal") -> High Salary
A40: EMP1037 | B40: Alice Brown | C40: HR | D40: Unknown | E40: 64796 | F40: 42267 | G40: 2.9263158 | H40: Other | I40: user98@example.com | J40: =IF(E40>80000,"High Salary", "Normal") -> Normal
A41: EMP1038 | B41: John Doe | C41: Marketing | D41: UK | E41: 52093 | F41: 42274 | G41: 5 | H41: Unknown | I41: user154@example.com | J41: =IF(E41>80000,"High Salary", "Normal") -> Normal
A42: EMP1039 | B42: Chris Lee | C42: HR | D42: UK | E42: 48224 | F42: 42281 | G42: 3 | H42: Unknown | I42: user42@example.com | J42: =IF(E42>80000,"High Salary", "Normal") -> Normal
A43: EMP1040 | B43: Bob Johnson | C43: Finance | D43: UK | E43: 64268.635 | F43: Unknown | G43: 4 | H43: Female | I43: user89@example.com | J43: =IF(E43>80000,"High Salary", "Normal") -> Normal
A44: EMP1041 | B44: Alice Brown | C44: IT | D44: Germany | E44: 33956 | F44: 42295 | G44: 2.8913043 | H44: Unknown | I44: user47@example.com | J44: =IF(E44>80000,"High Salary", "Normal") -> Normal
A45: EMP1042 | B45: Bob Johnson | C45: Unknown | D45: Australia | E45: 64913 | F45: 42302 | G45: 1 | H45: Female | I45: user175@example.com | J45: =IF(E45>80000,"High Salary", "Normal") -> Normal
A46: EMP1043 | B46: Alice Brown | C46: Marketing | D46: Australia | E46: 35326 | F46: 42309 | G46: 2.9120879 | H46: Female | I46: user57@example.com | J46: =IF(E46>80000,"High Salary", "Normal") -> Normal
A47: EMP1044 | B47: Chris Lee | C47: Finance | D47: Unknown | E47: 81610 | F47: 42316 | G47: 1 | H47: Unknown | I47: user20@example.com | J47: =IF(E47>80000,"High Salary", "Normal") -> High Salary
A48: EMP1045 | B48: Unknown | C48: HR | D48: Unknown | E48: 58962 | F48: 42323 | G48: 3 | H48: Other | I48: user106@example.com | J48: =IF(E48>80000,"High Salary", "Normal") -> Normal
A49: EMP1046 | B49: Chris Lee | C49: IT | D49: Germany | E49: 92701 | F49: 42330 | G49: 3 | H49: Other | I49: user199@example.com | J49: =IF(E49>80000,"High Salary", "Normal") -> High Salary
A50: EMP1047 | B50: Chris Lee | C50: HR | D50: India | E50: 58245 | F50: 42337 | G50: 4 | H50: Unknown | I50: user43@example.com | J50: =IF(E50>80000,"High Salary", "Normal") -> Normal
A51: EMP1048 | B51: John Doe | C51: Finance | D51: Unknown | E51: 66513 | F51: 42344 | G51: 2 | H51: Other | I51: user24@example.com | J51: =IF(E51>80000,"High Salary", "Normal") -> Normal
A52: EMP1049 | B52: Eve Adams | C52: HR | D52: Germany | E52: 78720 | F52: 42351 | G52: 5 | H52: Female | I52: user89@example.com | J52: =IF(E52>80000,"High Salary", "Normal") -> Normal
A53: EMP1050 | B53: Chris Lee | C53: Unknown | D53: Unknown | E53: 30686 | F53: Unknown | G53: 2 | H53: Female | I53: user95@example.com | J53: =IF(E53>80000,"High Salary", "Normal") -> Normal
A54: EMP1051 | B54: Sam Wilson | C54: Sales | D54: India | E54: 39423 | F54: 42365 | G54: 5 | H54: Unknown | I54: user59@example.com | J54: =IF(E54>80000,"High Salary", "Normal") -> Normal
A55: EMP1052 | B55: Eve Adams | C55: Marketing | D55: Unknown | E55: 30280 | F55: 42372 | G55: 1 | H55: Unknown | I55: user152@example.com | J55: =IF(E55>80000,"High Salary", "Normal") -> Normal
A56: EMP1053 | B56: Eve Adams | C56: Finance | D56: UK | E56: 33352 | F56: 42379 | G56: 3 | H56: Female | I56: user200@example.com | J56: =IF(E56>80000,"High Salary", "Normal") -> Normal
A57: EMP1054 | B57: Bob Johnson | C57: Marketing | D57: UK | E57: 75633 | F57: 42386 | G57: 5 | H57: Other | I57: user92@example.com | J57: =IF(E57>80000,"High Salary", "Normal") -> Normal
A58: EMP1055 | B58: Chris Lee | C58: Unknown | D58: USA | E58: 74815 | F58: 42393 | G58: 5 | H58: Female | I58: user50@example.com | J58: =IF(E58>80000,"High Salary", "Normal") -> Normal
A59: EMP1056 | B59: John Doe | C59: Sales | D59: Australia | E59: 60011 | F59: 42400 | G59: 1 | H59: Male | I59: user63@example.com | J59: =IF(E59>80000,"High Salary", "Normal") -> Normal
A60: EMP1057 | B60: Eve Adams | C60: Unknown | D60: India | E60: 96949 | F60: 42407 | G60: 3 | H60: Unknown | I60: user103@example.com | J60: =IF(E60>80000,"High Salary", "Normal") -> High Salary
A61: EMP1058 | B61: Sam Wilson | C61: Marketing | D61: Unknown | E61: 84924 | F61: 42414 | G61: 5 | H61: Male | I61: user150@example.com | J61: =IF(E61>80000,"High Salary", "Normal") -> High Salary
A62: EMP1059 | B62: Sam Wilson | C62: Finance | D62: USA | E62: 82033 | F62: 42421 | G62: 1 | H62: Unknown | I62: user20@example.com | J62: =IF(E62>80000,"High Salary", "Normal") -> High Salary
A63: EMP1060 | B63: Unknown | C63: Marketing | D63: Germany | E63: 64763.365 | F63: Unknown | G63: 5 | H63: Unknown | I63: user112@example.com | J63: =IF(E63>80000,"High Salary", "Normal") -> Normal
A64: EMP1061 | B64: Eve Adams | C64: Unknown | D64: Australia | E64: 31499 | F64: 42435 | G64: 2 | H64: Unknown | I64: user31@example.com | J64: =IF(E64>80000,"High Salary", "Normal") -> Normal
A65: EMP1062 | B65: Chris Lee | C65: IT | D65: UK | E65: 97981 | F65: 42442 | G65: 5 | H65: Female | I65: user71@example.com | J65: =IF(E65>80000,"High Salary", "Normal") -> High Salary
A66: EMP1063 | B66: Eve Adams | C66: HR | D66: USA | E66: 36541 | F66: 42449 | G66: 2 | H66: Other | I66: user97@example.com | J66: =IF(E66>80000,"High Salary", "Normal") -> Normal
A67: EMP1064 | B67: John Doe | C67: IT | D67: India | E67: 84737 | F67: 42456 | G67: 1 | H67: Male | I67: user141@example.com | J67: =IF(E67>80000,"High Salary", "Normal") -> High Salary
A68: EMP1065 | B68: Sam Wilson | C68: Finance | D68: India | E68: 33468 | F68: 42463 | G68: 4 | H68: Male | I68: user125@example.com | J68: =IF(E68>80000,"High Salary", "Normal") -> Normal
A69: EMP1066 | B69: Sam Wilson | C69: Unknown | D69: Australia | E69: 96365 | F69: 42470 | G69: 3 | H69: Other | I69: user90@example.com | J69: =IF(E69>80000,"High Salary", "Normal") -> High Salary
A70: EMP1067 | B70: Alice Brown | C70: Sales | D70: India | E70: 61942 | F70: 42477 | G70: 3 | H70: Female | I70: user192@example.com | J70: =IF(E70>80000,"High Salary", "Normal") -> Normal
A71: EMP1068 | B71: Sam Wilson | C71: Finance | D71: UK | E71: 41467 | F71: 42484 | G71: 2 | H71: Unknown | I71: user77@example.com | J71: =IF(E71>80000,"High Salary", "Normal") -> Normal
A72: EMP1069 | B72: Bob Johnson | C72: Finance | D72: India | E72: 77096 | F72: 42491 | G72: 1 | H72: Unknown | I72: user65@example.com | J72: =IF(E72>80000,"High Salary", "Normal") -> Normal
A73: EMP1070 | B73: Eve Adams | C73: Sales | D73: Australia | E73: 69952 | F73: 42498 | G73: 5 | H73: Female | I73: Unknown | J73: =IF(E73>80000,"High Salary", "Normal") -> Normal
A74: EMP1071 | B74: Eve Adams | C74: Marketing | D74: USA | E74: 85065 | F74: 42505 | G74: 3 | H74: Unknown | I74: user142@example.com | J74: =IF(E74>80000,"High Salary", "Normal") -> High Salary
A75: EMP1072 | B75: Bob Johnson | C75: Marketing | D75: India | E75: 56512 | F75: 42512 | G75: 2.8571429 | H75: Other | I75: user153@example.com | J75: =IF(E75>80000,"High Salary", "Normal") -> Normal
... A82: EMP1079 | B82: Chris Lee | C82: Sales | D82: USA | E82: 66079 | F82: 42561 | G82: 2 | H82: Other | I82: user55@example.com | J82: =IF(E82>80000,"High Salary", "Normal") -> Normal
A83: EMP1080 | B83: Eve Adams | C83: Marketing | D83: India | E83: 63575.515 | F83: Unknown | G83: 2.9649123 | H83: Unknown | I83: user135@example.com | J83: =IF(E83>80000,"High Salary", "Normal") -> Normal
A84: EMP1081 | B84: Jane Smith | C84: Sales | D84: USA | E84: 95621 | F84: 42575 | G84: 3 | H84: Female | I84: user156@example.com | J84: =IF(E84>80000,"High Salary", "Normal") -> High Salary
A85: EMP1082 | B85: Eve Adams | C85: IT | D85: UK | E85: 42262 | F85: 42582 | G85: 1 | H85: Unknown | I85: user104@example.com | J85: =IF(E85>80000,"High Salary", "Normal") -> Normal
A86: EMP1083 | B86: Sam Wilson | C86: Sales | D86: India | E86: 99621 | F86: 42589 | G86: 3 | H86: Other | I86: user145@example.com | J86: =IF(E86>80000,"High Salary", "Normal") -> High Salary
A87: EMP1084 | B87: John Doe | C87: Marketing | D87: India | E87: 44682 | F87: 42596 | G87: 4 | H87: Female | I87: user47@example.com | J87: =IF(E87>80000,"High Salary", "Normal") -> Normal
A88: EMP1085 | B88: Chris Lee | C88: Finance | D88: Unknown | E88: 35163 | F88: 42603 | G88: 5 | H88: Other | I88: user197@example.com | J88: =IF(E88>80000,"High Salary", "Normal") -> Normal
A89: EMP1086 | B89: Chris Lee | C89: IT | D89: India | E89: 33483 | F89: 42610 | G89: 4 | H89: Male | I89: user177@example.com | J89: =IF(E89>80000,"High Salary", "Normal") -> Normal
A90: EMP1087 | B90: Sam Wilson | C90: HR | D90: Germany | E90: 55303 | F90: 42617 | G90: 4 | H90: Male | I90: user149@example.com | J90: =IF(E90>80000,"High Salary", "Normal") -> Normal
A91: EMP1088 | B91: Chris Lee | C91: IT | D91: Unknown | E91: 63434 | F91: 42624 | G91: 3 | H91: Unknown | I91: user48@example.com | J91: =IF(E91>80000,"High Salary", "Normal") -> Normal
A92: EMP1089 | B92: Jane Smith | C92: Unknown | D92: Australia | E92: 38830 | F92: 42631 | G92: 3 | H92: Other | I92: user149@example.com | J92: =IF(E92>80000,"High Salary", "Normal") -> Normal
A93: EMP1090 | B93: Unknown | C93: Marketing | D93: UK | E93: 50741 | F93: 42638 | G93: 3 | H93: Unknown | I93: user65@example.com | J93: =IF(E93>80000,"High Salary", "Normal") -> Normal
A94: EMP1091 | B94: Alice Brown | C94: HR | D94: Australia | E94: 69420 | F94: 42645 | G94: 1 | H94: Male | I94: user43@example.com | J94: =IF(E94>80000,"High Salary", "Normal") -> Normal
A95: EMP1092 | B95: Jane Smith | C95: IT | D95: Unknown | E95: 80588 | F95: 42652 | G95: 5 | H95: Male | I95: user98@example.com | J95: =IF(E95>80000,"High Salary", "Normal") -> High Salary
... A112: EMP1109 | B112: Jane Smith | C112: Unknown | D112: India | E112: 88850 | F112: 42771 | G112: 1 | H112: Female | I112: user174@example.com | J112: =IF(E112>80000,"High Salary", "Normal") -> High Salary
A113: EMP1110 | B113: Chris Lee | C113: Sales | D113: India | E113: 31293 | F113: Unknown | G113: 2 | H113: Female | I113: user44@example.com | J113: =IF(E113>80000,"High Salary", "Normal") -> Normal
A114: EMP1111 | B114: Chris Lee | C114: IT | D114: USA | E114: 34306 | F114: 42785 | G114: 5 | H114: Female | I114: user192@example.com | J114: =IF(E114>80000,"High Salary", "Normal") -> Normal
A115: EMP1112 | B115: Eve Adams | C115: Finance | D115: India | E115: 78330 | F115: 42792 | G115: 3 | H115: Other | I115: user76@example.com | J115: =IF(E115>80000,"High Salary", "Normal") -> Normal
A116: EMP1113 | B116: Alice Brown | C116: IT | D116: USA | E116: 47653 | F116: 42799 | G116: 1 | H116: Male | I116: user82@example.com | J116: =IF(E116>80000,"High Salary", "Normal") -> Normal
A117: EMP1114 | B117: Eve Adams | C117: Marketing | D117: UK | E117: 44627 | F117: 42806 | G117: 4 | H117: Unknown | I117: user97@example.com | J117: =IF(E117>80000,"High Salary", "Normal") -> Normal
A118: EMP1115 | B118: Bob Johnson | C118: HR | D118: Germany | E118: 92343 | F118: 42813 | G118: 4 | H118: Female | I118: user149@example.com | J118: =IF(E118>80000,"High Salary", "Normal") -> High Salary
A119: EMP1116 | B119: Bob Johnson | C119: Marketing | D119: Australia | E119: 38837 | F119: 42820 | G119: 5 | H119: Female | I119: user192@example.com | J119: =IF(E119>80000,"High Salary", "Normal") -> Normal
A120: EMP1117 | B120: Bob Johnson | C120: Marketing | D120: Unknown | E120: 73483 | F120: 42827 | G120: 1 | H120: Unknown | I120: user137@example.com | J120: =IF(E120>80000,"High Salary", "Normal") -> Normal
A121: EMP1118 | B121: Chris Lee | C121: Sales | D121: India | E121: 95032 | F121: 42834 | G121: 3 | H121: Unknown | I121: user23@example.com | J121: =IF(E121>80000,"High Salary", "Normal") -> High Salary
A122: EMP1119 | B122: Eve Adams | C122: Sales | D122: Australia | E122: 44358 | F122: 42841 | G122: 3 | H122: Female | I122: user200@example.com | J122: =IF(E122>80000,"High Salary", "Normal") -> Normal
A123: EMP1120 | B123: Unknown | C123: IT | D123: USA | E123: 63232.929 | F123: Unknown | G123: 5 | H123: Unknown | I123: user101@example.com | J123: =IF(E123>80000,"High Salary", "Normal") -> Normal
A124: EMP1121 | B124: Chris Lee | C124: Sales | D124: USA | E124: 45676 | F124: 42855 | G124: 2 | H124: Unknown | I124: user132@example.com | J124: =IF(E124>80000,"High Salary", "Normal") -> Normal
A125: EMP1122 | B125: Bob Johnson | C125: Sales | D125: Germany | E125: 52036 | F125: 42862 | G125: 3 | H125: Male | I125: user171@example.com | J125: =IF(E125>80000,"High Salary", "Normal") -> Normal
A126: EMP1123 | B126: Jane Smith | C126: Unknown | D126: Germany | E126: 30357 | F126: 42869 | G126: 5 | H126: Male | I126: user145@example.com | J126: =IF(E126>80000,"High Salary", "Normal") -> Normal
A127: EMP1124 | B127: John Doe | C127: IT | D127: Unknown | E127: 60034 | F127: 42876 | G127: 1 | H127: Female | I127: user75@example.com | J127: =IF(E127>80000,"High Salary", "Normal") -> Normal
A128: EMP1125 | B128: John Doe | C128: Finance | D128: Unknown | E128: 90019 | F128: 42883 | G128: 5 | H128: Unknown | I128: user52@example.com | J128: =IF(E128>80000,"High Salary", "Normal") -> High Salary
A129: EMP1126 | B129: Bob Johnson | C129: Unknown | D129: Germany | E129: 71494 | F129: 42890 | G129: 3 | H129: Male | I129: user100@example.com | J129: =IF(E129>80000,"High Salary", "Normal") -> Normal
A130: EMP1127 | B130: John Doe | C130: Finance | D130: USA | E130: 91953 | F130: 42897 | G130: 2 | H130: Male | I130: user83@example.com | J130: =IF(E130>80000,"High Salary", "Normal") -> High Salary
A131: EMP1128 | B131: Chris Lee | C131: Sales | D131: USA | E131: 30402 | F131: 42904 | G131: 1 | H131: Unknown | I131: user167@example.com | J131: =IF(E131>80000,"High Salary", "Normal") -> Normal
A132: EMP1129 | B132: Bob Johnson | C132: Unknown | D132: UK | E132: 62994 | F132: 42911 | G132: 3 | H132: Unknown | I132: user175@example.com | J132: =IF(E132>80000,"High Salary", "Normal") -> Normal
A133: EMP1130 | B133: Alice Brown | C133: Sales | D133: India | E133: 48289 | F133: Unknown | G133: 3 | H133: Male | I133: user25@example.com | J133: =IF(E133>80000,"High Salary", "Normal") -> Normal
A134: EMP1131 | B134: Sam Wilson | C134: Marketing | D134: Germany | E134: 34402 | F134: 42925 | G134: 3 | H134: Other | I134: user42@example.com | J134: =IF(E134>80000,"High Salary", "Normal") -> Normal
A135: EMP1132 | B135: Eve Adams | C135: HR | D135: USA | E135: 38678 | F135: 42932 | G135: 3 | H135: Other | I135: user188@example.com | J135: =IF(E135>80000,"High Salary", "Normal") -> Normal
A136: EMP1133 | B136: Chris Lee | C136: HR | D136: Germany | E136: 45758 | F136: 42939 | G136: 3 | H136: Unknown | I136: user44@example.com | J136: =IF(E136>80000,"High Salary", "Normal") -> Normal
A137: EMP1134 | B137: Eve Adams | C137: Marketing | D137: India | E137: 62476 | F137: 42946 | G137: 1 | H137: Other | I137: user63@example.com | J137: =IF(E137>80000,"High Salary", "Normal") -> Normal
A138: EMP1135 | B138: Unknown | C138: IT | D138: UK | E138: 39280 | F138: 42953 | G138: 3 | H138: Female | I138: user198@example.com | J138: =IF(E138>80000,"High Salary", "Normal") -> Normal
...

Sheet Descriptive Statistics
A1: DAY-9 Descriptive Statistics
A2: Employee ID | B2: Name | C2: Department | D2: Country | E2: Salary | F2: Date of Joining | G2: Performance Rating | H2: Gender | I2: Email | J2: Salary Category
A3: EMP1000 | B3: Unknown | C3: Finance | D3: Unknown | E3: 66280.93 | F3: Unknown | G3: 2 | H3: Unknown | I3: Unknown | J3: =IF(E3>80000,"High Salary", "Normal") -> Normal
A4: EMP1001 | B4: Eve Adams | C4: HR | D4: Germany | E4: 54255 | F4: 42015 | G4: 1 | H4: Other | I4: user106@example.com | J4: =IF(E4>80000,"High Salary", "Normal") -> Normal
A5: EMP1002 | B5: Alice Brown | C5: Finance | D5: Germany | E5: 63184 | F5: 42022 | G5: 2 | H5: Unknown | I5: user176@example.com | J5: =IF(E5>80000,"High Salary", "Normal") -> Normal | L5: Descriptive statistics for salary
A6: EMP1003 | B6: John Doe | C6: Sales | D6: USA | E6: 94406 | F6: 42029 | G6: 1 | H6: Male | I6: user168@example.com | J6: =IF(E6>80000,"High Salary", "Normal") -> High Salary
A7: EMP1004 | B7: Jane Smith | C7: Sales | D7: Germany | E7: 64120 | F7: 42036 | G7: 1 | H7: Male | I7: user49@example.com | J7: =IF(E7>80000,"High Salary", "Normal") -> Normal | L7: Mean | M7: 66241.936
A8: EMP1005 | B8: Alice Brown | C8: IT | D8: India | E8: 78421 | F8: 42043 | G8: 2 | H8: Female | I8: user24@example.com | J8: =IF(E8>80000,"High Salary", "Normal") -> Normal | L8: Standard Error | M8: 1730.9413
A9: EMP1006 | B9: Sam Wilson | C9: Sales | D9: Unknown | E9: 67721 | F9: 42050 | G9: 2.9411765 | H9: Male | I9: user168@example.com | J9: =IF(E9>80000,"High Salary", "Normal") -> Normal | L9: Median | M9: 66079
A10: EMP1007 | B10: Chris Lee | C10: Marketing | D10: Unknown | E10: 35364 | F10: 42057 | G10: 2 | H10: Other | I10: user26@example.com | J10: =IF(E10>80000,"High Salary", "Normal") -> Normal | L10: Mode | M10: #N/A
A11: EMP1008 | B11: Alice Brown | C11: IT | D11: Germany | E11: 97881 | F11: 42064 | G11: 2.9491525 | H11: Female | I11: user25@example.com | J11: =IF(E11>80000,"High Salary", "Normal") -> High Salary | L11: Standard Deviation | M11: 21128.831
A12: EMP1009 | B12: Chris Lee | C12: HR | D12: UK | E12: 91846 | F12: 42071 | G12: 2.9491525 | H12: Male | I12: user153@example.com | J12: =IF(E12>80000,"High Salary", "Normal") -> High Salary | L12: Sample Variance | M12: 4.4642751e+08
A13: EMP1010 | B13: Sam Wilson | C13: Finance | D13: UK | E13: 64247 | F13: 42078 | G13: 1 | H13: Female | I13: user18@example.com | J13: =IF(E13>80000,"High Salary", "Normal") -> Normal | L13: Kurtosis | M13: -1.2055214
A14: EMP1011 | B14: Sam Wilson | C14: IT | D14: USA | E14: 91180 | F14: 42085 | G14: 5 | H14: Male | I14: user1@example.com | J14: =IF(E14>80000,"High Salary", "Normal") -> High Salary | L14: Skewness | M14: -0.11522987
A15: EMP1012 | B15: Bob Johnson | C15: Sales | D15: Unknown | E15: 96418 | F15: 42092 | G15: 5 | H15: Male | I15: user106@example.com | J15: =IF(E15>80000,"High Salary", "Normal") -> High Salary | L15: Range | M15: 69341
A16: EMP1013 | B16: Sam Wilson | C16: Unknown | D16: India | E16: 62158 | F16: 42099 | G16: 4 | H16: Unknown | I16: user180@example.com | J16: =IF(E16>80000,"High Salary", "Normal") -> Normal | L16: Minimum | M16: 30280
A17: EMP1014 | B17: Jane Smith | C17: HR | D17: Unknown | E17: 59894 | F17: 42106 | G17: 2 | H17: Male | I17: user184@example.com | J17: =IF(E17>80000,"High Salary", "Normal") -> Normal | L17: Maximum | M17: 99621
A18: EMP1015 | B18: Unknown | C18: IT | D18: India | E18: 92443 | F18: 42113 | G18: 3 | H18: Other | I18: user3@example.com | J18: =IF(E18>80000,"High Salary", "Normal") -> High Salary | L18: Sum | M18: 9870048.4
A19: EMP1016 | B19: Bob Johnson | C19: Unknown | D19: Germany | E19: 90271 | F19: 42120 | G19: 2.9285714 | H19: Unknown | I19: user64@example.com | J19: =IF(E19>80000,"High Salary", "Normal") -> High Salary | L19: Count | M19: 149
A20: EMP1017 | B20: Jane Smith | C20: Finance | D20: Australia | E20: 41341 | F20: 42127 | G20: 1 | H20: Other | I20: user38@example.com | J20: =IF(E20>80000,"High Salary", "Normal") -> Normal
A21: EMP1018 | B21: Alice Brown | C21: Finance | D21: UK | E21: 73602 | F21: 42134 | G21: 2.9459459 | H21: Unknown | I21: user96@example.com | J21: =IF(E21>80000,"High Salary", "Normal") -> Normal
A22: EMP1019 | B22: Eve Adams | C22: Unknown | D22: India | E22: 67531 | F22: 42141 | G22: 5 | H22: Female | I22: user151@example.com | J22: =IF(E22>80000,"High Salary", "Normal") -> Normal
A23: EMP1020 | B23: Jane Smith | C23: HR | D23: USA | E23: 65248.854 | F23: 42148 | G23: 2 | H23: Other | I23: user200@example.com | J23: =IF(E23>80000,"High Salary", "Normal") -> Normal
A24: EMP1021 | B24: Jane Smith | C24: HR | D24: Unknown | E24: 98922 | F24: 42155 | G24: 4 | H24: Unknown | I24: user77@example.com | J24: =IF(E24>80000,"High Salary", "Normal") -> High Salary
A25: EMP1022 | B25: Eve Adams | C25: Finance | D25: India | E25: 38333 | F25: 42162 | G25: 5 | H25: Unknown | I25: user128@example.com | J25: =IF(E25>80000,"High Salary", "Normal") -> Normal
A26: EMP1023 | B26: Alice Brown | C26: Marketing | D26: UK | E26: 36515 | F26: 42169 | G26: 3 | H26: Male | I26: user149@example.com | J26: =IF(E26>80000,"High Salary", "Normal") -> Normal
A27: EMP1024 | B27: Sam Wilson | C27: Finance | D27: Unknown | E27: 91005 | F27: 42176 | G27: 1 | H27: Other | I27: user122@example.com | J27: =IF(E27>80000,"High Salary", "Normal") -> High Salary
A28: EMP1025 | B28: Chris Lee | C28: Unknown | D28: Unknown | E28: 52272 | F28: 42183 | G28: 3 | H28: Unknown | I28: user41@example.com | J28: =IF(E28>80000,"High Salary", "Normal") -> Normal
A29: EMP1026 | B29: Eve Adams | C29: Sales | D29: Germany | E29: 76518 | F29: 42190 | G29: 2 | H29: Female | I29: user68@example.com | J29: =IF(E29>80000,"High Salary", "Normal") -> Normal
A30: EMP1027 | B30: Alice Brown | C30: IT | D30: UK | E30: 41448 | F30: 42197 | G30: 3 | H30: Other | I30: user103@example.com | J30: =IF(E30>80000,"High Salary", "Normal") -> Normal
A31: EMP1028 | B31: John Doe | C31: HR | D31: UK | E31: 49282 | F31: 42204 | G31: 2 | H31: Female | I31: user135@example.com | J31: =IF(E31>80000,"High Salary", "Normal") -> Normal
A32: EMP1029 | B32: Bob Johnson | C32: Marketing | D32: UK | E32: 92959 | F32: 42211 | G32: 5 | H32: Unknown | I32: user83@example.com | J32: =IF(E32>80000,"High Salary", "Normal") -> High Salary
A33: EMP1030 | B33: Unknown | C33: Marketing | D33: Unknown | E33: 92259 | F33: Unknown | G33: 1 | H33: Unknown | I33: user109@example.com | J33: =IF(E33>80000,"High Salary", "Normal") -> High Salary
A34: EMP1031 | B34: Eve Adams | C34: HR | D34: Germany | E34: 92299 | F34: 42225 | G34: 3 | H34: Male | I34: user143@example.com | J34: =IF(E34>80000,"High Salary", "Normal") -> High Salary
A35: EMP1032 | B35: Sam Wilson | C35: HR | D35: Unknown | E35: 95586 | F35: 42232 | G35: 3 | H35: Other | I35: user190@example.com | J35: =IF(E35>80000,"High Salary", "Normal") -> High Salary
A36: EMP1033 | B36: Chris Lee | C36: Unknown | D36: USA | E36: 95367 | F36: 42239 | G36: 2.9381443 | H36: Male | I36: user136@example.com | J36: =IF(E36>80000,"High Salary", "Normal") -> High Salary
A37: EMP1034 | B37: John Doe | C37: Sales | D37: Australia | E37: 79549 | F37: 42246 | G37: 3 | H37: Unknown | I37: user198@example.com | J37: =IF(E37>80000,"High Salary", "Normal") -> Normal
A38: EMP1035 | B38: Alice Brown | C38: Unknown | D38: UK | E38: 54463 | F38: 42253 | G38: 4 | H38: Male | I38: Unknown | J38: =IF(E38>80000,"High Salary", "Normal") -> Normal
A39: EMP1036 | B39: Alice Brown | C39: IT | D39: USA | E39: 89781 | F39: 42260 | G39: 2.9263158 | H39: Female | I39: user31@example.com | J39: =IF(E39>80000,"High Salary", "Normal") -> High Salary
A40: EMP1037 | B40: Alice Brown | C40: HR | D40: Unknown | E40: 64796 | F40: 42267 | G40: 2.9263158 | H40: Other | I40: user98@example.com | J40: =IF(E40>80000,"High Salary", "Normal") -> Normal
A41: EMP1038 | B41: John Doe | C41: Marketing | D41: UK | E41: 52093 | F41: 42274 | G41: 5 | H41: Unknown | I41: user154@example.com | J41: =IF(E41>80000,"High Salary", "Normal") -> Normal
A42: EMP1039 | B42: Chris Lee | C42: HR | D42: UK | E42: 48224 | F42: 42281 | G42: 3 | H42: Unknown | I42: user42@example.com | J42: =IF(E42>80000,"High Salary", "Normal") -> Normal
A43: EMP1040 | B43: Bob Johnson | C43: Finance | D43: UK | E43: 64268.635 | F43: Unknown | G43: 4 | H43: Female | I43: user89@example.com | J43: =IF(E43>80000,"High Salary", "Normal") -> Normal
A44: EMP1041 | B44: Alice Brown | C44: IT | D44: Germany | E44: 33956 | F44: 42295 | G44: 2.8913043 | H44: Unknown | I44: user47@example.com | J44: =IF(E44>80000,"High Salary", "Normal") -> Normal
A45: EMP1042 | B45: Bob Johnson | C45: Unknown | D45: Australia | E45: 64913 | F45: 42302 | G45: 1 | H45: Female | I45: user175@example.com | J45: =IF(E45>80000,"High Salary", "Normal") -> Normal
A46: EMP1043 | B46: Alice Brown | C46: Marketing | D46: Australia | E46: 35326 | F46: 42309 | G46: 2.9120879 | H46: Female | I46: user57@example.com | J46: =IF(E46>80000,"High Salary", "Normal") -> Normal
A47: EMP1044 | B47: Chris Lee | C47: Finance | D47: Unknown | E47: 81610 | F47: 42316 | G47: 1 | H47: Unknown | I47: user20@example.com | J47: =IF(E47>80000,"High Salary", "Normal") -> High Salary
A48: EMP1045 | B48: Unknown | C48: HR | D48: Unknown | E48: 58962 | F48: 42323 | G48: 3 | H48: Other | I48: user106@example.com | J48: =IF(E48>80000,"High Salary", "Normal") -> Normal
A49: EMP1046 | B49: Chris Lee | C49: IT | D49: Germany | E49: 92701 | F49: 42330 | G49: 3 | H49: Other | I49: user199@example.com | J49: =IF(E49>80000,"High Salary", "Normal") -> High Salary
A50: EMP1047 | B50: Chris Lee | C50: HR | D50: India | E50: 58245 | F50: 42337 | G50: 4 | H50: Unknown | I50: user43@example.com | J50: =IF(E50>80000,"High Salary", "Normal") -> Normal
A51: EMP1048 | B51: John Doe | C51: Finance | D51: Unknown | E51: 66513 | F51: 42344 | G51: 2 | H51: Other | I51: user24@example.com | J51: =IF(E51>80000,"High Salary", "Normal") -> Normal
A52: EMP1049 | B52: Eve Adams | C52: HR | D52: Germany | E52: 78720 | F52: 42351 | G52: 5 | H52: Female | I52: user89@example.com | J52: =IF(E52>80000,"High Salary", "Normal") -> Normal
A53: EMP1050 | B53: Chris Lee | C53: Unknown | D53: Unknown | E53: 30686 | F53: Unknown | G53: 2 | H53: Female | I53: user95@example.com | J53: =IF(E53>80000,"High Salary", "Normal") -> Normal
A54: EMP1051 | B54: Sam Wilson | C54: Sales | D54: India | E54: 39423 | F54: 42365 | G54: 5 | H54: Unknown | I54: user59@example.com | J54: =IF(E54>80000,"High Salary", "Normal") -> Normal
A55: EMP1052 | B55: Eve Adams | C55: Marketing | D55: Unknown | E55: 30280 | F55: 42372 | G55: 1 | H55: Unknown | I55: user152@example.com | J55: =IF(E55>80000,"High Salary", "Normal") -> Normal
A56: EMP1053 | B56: Eve Adams | C56: Finance | D56: UK | E56: 33352 | F56: 42379 | G56: 3 | H56: Female | I56: user200@example.com | J56: =IF(E56>80000,"High Salary", "Normal") -> Normal
A57: EMP1054 | B57: Bob Johnson | C57: Marketing | D57: UK | E57: 75633 | F57: 42386 | G57: 5 | H57: Other | I57: user92@example.com | J57: =IF(E57>80000,"High Salary", "Normal") -> Normal
A58: EMP1055 | B58: Chris Lee | C58: Unknown | D58: USA | E58: 74815 | F58: 42393 | G58: 5 | H58: Female | I58: user50@example.com | J58: =IF(E58>80000,"High Salary", "Normal") -> Normal
A59: EMP1056 | B59: John Doe | C59: Sales | D59: Australia | E59: 60011 | F59: 42400 | G59: 1 | H59: Male | I59: user63@example.com | J59: =IF(E59>80000,"High Salary", "Normal") -> Normal
A60: EMP1057 | B60: Eve Adams | C60: Unknown | D60: India | E60: 96949 | F60: 42407 | G60: 3 | H60: Unknown | I60: user103@example.com | J60: =IF(E60>80000,"High Salary", "Normal") -> High Salary
A61: EMP1058 | B61: Sam Wilson | C61: Marketing | D61: Unknown | E61: 84924 | F61: 42414 | G61: 5 | H61: Male | I61: user150@example.com | J61: =IF(E61>80000,"High Salary", "Normal") -> High Salary
A62: EMP1059 | B62: Sam Wilson | C62: Finance | D62: USA | E62: 82033 | F62: 42421 | G62: 1 | H62: Unknown | I62: user20@example.com | J62: =IF(E62>80000,"High Salary", "Normal") -> High Salary
A63: EMP1060 | B63: Unknown | C63: Marketing | D63: Germany | E63: 64763.365 | F63: Unknown | G63: 5 | H63: Unknown | I63: user112@example.com | J63: =IF(E63>80000,"High Salary", "Normal") -> Normal
A64: EMP1061 | B64: Eve Adams | C64: Unknown | D64: Australia | E64: 31499 | F64: 42435 | G64: 2 | H64: Unknown | I64: user31@example.com | J64: =IF(E64>80000,"High Salary", "Normal") -> Normal
A65: EMP1062 | B65: Chris Lee | C65: IT | D65: UK | E65: 97981 | F65: 42442 | G65: 5 | H65: Female | I65: user71@example.com | J65: =IF(E65>80000,"High Salary", "Normal") -> High Salary
A66: EMP1063 | B66: Eve Adams | C66: HR | D66: USA | E66: 36541 | F66: 42449 | G66: 2 | H66: Other | I66: user97@example.com | J66: =IF(E66>80000,"High Salary", "Normal") -> Normal
A67: EMP1064 | B67: John Doe | C67: IT | D67: India | E67: 84737 | F67: 42456 | G67: 1 | H67: Male | I67: user141@example.com | J67: =IF(E67>80000,"High Salary", "Normal") -> High Salary
A68: EMP1065 | B68: Sam Wilson | C68: Finance | D68: India | E68: 33468 | F68: 42463 | G68: 4 | H68: Male | I68: user125@example.com | J68: =IF(E68>80000,"High Salary", "Normal") -> Normal
A69: EMP1066 | B69: Sam Wilson | C69: Unknown | D69: Australia | E69: 96365 | F69: 42470 | G69: 3 | H69: Other | I69: user90@example.com | J69: =IF(E69>80000,"High Salary", "Normal") -> High Salary
A70: EMP1067 | B70: Alice Brown | C70: Sales | D70: India | E70: 61942 | F70: 42477 | G70: 3 | H70: Female | I70: user192@example.com | J70: =IF(E70>80000,"High Salary", "Normal") -> Normal
A71: EMP1068 | B71: Sam Wilson | C71: Finance | D71: UK | E71: 41467 | F71: 42484 | G71: 2 | H71: Unknown | I71: user77@example.com | J71: =IF(E71>80000,"High Salary", "Normal") -> Normal
A72: EMP1069 | B72: Bob Johnson | C72: Finance | D72: India | E72: 77096 | F72: 42491 | G72: 1 | H72: Unknown | I72: user65@example.com | J72: =IF(E72>80000,"High Salary", "Normal") -> Normal
A73: EMP1070 | B73: Eve Adams | C73: Sales | D73: Australia | E73: 69952 | F73: 42498 | G73: 5 | H73: Female | I73: Unknown | J73: =IF(E73>80000,"High Salary", "Normal") -> Normal
A74: EMP1071 | B74: Eve Adams | C74: Marketing | D74: USA | E74: 85065 | F74: 42505 | G74: 3 | H74: Unknown | I74: user142@example.com | J74: =IF(E74>80000,"High Salary", "Normal") -> High Salary
A75: EMP1072 | B75: Bob Johnson | C75: Marketing | D75: India | E75: 56512 | F75: 42512 | G75: 2.8571429 | H75: Other | I75: user153@example.com | J75: =IF(E75>80000,"High Salary", "Normal") -> Normal
... A82: EMP1079 | B82: Chris Lee | C82: Sales | D82: USA | E82: 66079 | F82: 42561 | G82: 2 | H82: Other | I82: user55@example.com | J82: =IF(E82>80000,"High Salary", "Normal") -> Normal
A83: EMP1080 | B83: Eve Adams | C83: Marketing | D83: India | E83: 63575.515 | F83: Unknown | G83: 2.9649123 | H83: Unknown | I83: user135@example.com | J83: =IF(E83>80000,"High Salary", "Normal") -> Normal
A84: EMP1081 | B84: Jane Smith | C84: Sales | D84: USA | E84: 95621 | F84: 42575 | G84: 3 | H84: Female | I84: user156@example.com | J84: =IF(E84>80000,"High Salary", "Normal") -> High Salary
A85: EMP1082 | B85: Eve Adams | C85: IT | D85: UK | E85: 42262 | F85: 42582 | G85: 1 | H85: Unknown | I85: user104@example.com | J85: =IF(E85>80000,"High Salary", "Normal") -> Normal
A86: EMP1083 | B86: Sam Wilson | C86: Sales | D86: India | E86: 99621 | F86: 42589 | G86: 3 | H86: Other | I86: user145@example.com | J86: =IF(E86>80000,"High Salary", "Normal") -> High Salary
A87: EMP1084 | B87: John Doe | C87: Marketing | D87: India | E87: 44682 | F87: 42596 | G87: 4 | H87: Female | I87: user47@example.com | J87: =IF(E87>80000,"High Salary", "Normal") -> Normal
A88: EMP1085 | B88: Chris Lee | C88: Finance | D88: Unknown | E88: 35163 | F88: 42603 | G88: 5 | H88: Other | I88: user197@example.com | J88: =IF(E88>80000,"High Salary", "Normal") -> Normal
A89: EMP1086 | B89: Chris Lee | C89: IT | D89: India | E89: 33483 | F89: 42610 | G89: 4 | H89: Male | I89: user177@example.com | J89: =IF(E89>80000,"High Salary", "Normal") -> Normal
A90: EMP1087 | B90: Sam Wilson | C90: HR | D90: Germany | E90: 55303 | F90: 42617 | G90: 4 | H90: Male | I90: user149@example.com | J90: =IF(E90>80000,"High Salary", "Normal") -> Normal
A91: EMP1088 | B91: Chris Lee | C91: IT | D91: Unknown | E91: 63434 | F91: 42624 | G91: 3 | H91: Unknown | I91: user48@example.com | J91: =IF(E91>80000,"High Salary", "Normal") -> Normal
A92: EMP1089 | B92: Jane Smith | C92: Unknown | D92: Australia | E92: 38830 | F92: 42631 | G92: 3 | H92: Other | I92: user149@example.com | J92: =IF(E92>80000,"High Salary", "Normal") -> Normal
A93: EMP1090 | B93: Unknown | C93: Marketing | D93: UK | E93: 50741 | F93: 42638 | G93: 3 | H93: Unknown | I93: user65@example.com | J93: =IF(E93>80000,"High Salary", "Normal") -> Normal
A94: EMP1091 | B94: Alice Brown | C94: HR | D94: Australia | E94: 69420 | F94: 42645 | G94: 1 | H94: Male | I94: user43@example.com | J94: =IF(E94>80000,"High Salary", "Normal") -> Normal
A95: EMP1092 | B95: Jane Smith | C95: IT | D95: Unknown | E95: 80588 | F95: 42652 | G95: 5 | H95: Male | I95: user98@example.com | J95: =IF(E95>80000,"High Salary", "Normal") -> High Salary
... A112: EMP1109 | B112: Jane Smith | C112: Unknown | D112: India | E112: 88850 | F112: 42771 | G112: 1 | H112: Female | I112: user174@example.com | J112: =IF(E112>80000,"High Salary", "Normal") -> High Salary
A113: EMP1110 | B113: Chris Lee | C113: Sales | D113: India | E113: 31293 | F113: Unknown | G113: 2 | H113: Female | I113: user44@example.com | J113: =IF(E113>80000,"High Salary", "Normal") -> Normal
A114: EMP1111 | B114: Chris Lee | C114: IT | D114: USA | E114: 34306 | F114: 42785 | G114: 5 | H114: Female | I114: user192@example.com | J114: =IF(E114>80000,"High Salary", "Normal") -> Normal
A115: EMP1112 | B115: Eve Adams | C115: Finance | D115: India | E115: 78330 | F115: 42792 | G115: 3 | H115: Other | I115: user76@example.com | J115: =IF(E115>80000,"High Salary", "Normal") -> Normal
A116: EMP1113 | B116: Alice Brown | C116: IT | D116: USA | E116: 47653 | F116: 42799 | G116: 1 | H116: Male | I116: user82@example.com | J116: =IF(E116>80000,"High Salary", "Normal") -> Normal
A117: EMP1114 | B117: Eve Adams | C117: Marketing | D117: UK | E117: 44627 | F117: 42806 | G117: 4 | H117: Unknown | I117: user97@example.com | J117: =IF(E117>80000,"High Salary", "Normal") -> Normal
A118: EMP1115 | B118: Bob Johnson | C118: HR | D118: Germany | E118: 92343 | F118: 42813 | G118: 4 | H118: Female | I118: user149@example.com | J118: =IF(E118>80000,"High Salary", "Normal") -> High Salary
A119: EMP1116 | B119: Bob Johnson | C119: Marketing | D119: Australia | E119: 38837 | F119: 42820 | G119: 5 | H119: Female | I119: user192@example.com | J119: =IF(E119>80000,"High Salary", "Normal") -> Normal
A120: EMP1117 | B120: Bob Johnson | C120: Marketing | D120: Unknown | E120: 73483 | F120: 42827 | G120: 1 | H120: Unknown | I120: user137@example.com | J120: =IF(E120>80000,"High Salary", "Normal") -> Normal
A121: EMP1118 | B121: Chris Lee | C121: Sales | D121: India | E121: 95032 | F121: 42834 | G121: 3 | H121: Unknown | I121: user23@example.com | J121: =IF(E121>80000,"High Salary", "Normal") -> High Salary
A122: EMP1119 | B122: Eve Adams | C122: Sales | D122: Australia | E122: 44358 | F122: 42841 | G122: 3 | H122: Female | I122: user200@example.com | J122: =IF(E122>80000,"High Salary", "Normal") -> Normal
...

Sheet Filtering, Sorting & Exploring 
A1: DAY-10 Filtering, Sorting & Exploring Data
A2: Employee ID | B2: Name | C2: Department | D2: Country | E2: Salary | F2: Date of Joining | G2: Performance Rating | H2: Gender | I2: Email
A3: EMP1000 | B3: Unknown | C3: Finance | D3: Unknown | E3: 66280.93 | F3: Unknown | G3: 2 | H3: Unknown | I3: Unknown | K3: TOP 5 Highest Salary
A4: EMP1001 | B4: Eve Adams | C4: HR | D4: Germany | E4: 54255 | F4: 42015 | G4: 1 | H4: Other | I4: user106@example.com
A5: EMP1002 | B5: Alice Brown | C5: Finance | D5: Germany | E5: 63184 | F5: 42022 | G5: 2 | H5: Unknown | I5: user176@example.com | K5: Rank | L5: Employee ID | M5: Name | N5: Salary
A6: EMP1003 | B6: John Doe | C6: Sales | D6: USA | E6: 94406 | F6: 42029 | G6: 1 | H6: Male | I6: user168@example.com | K6: 1 | L6: EMP1083 | M6: Sam Wilson | N6: 99621
A7: EMP1004 | B7: Jane Smith | C7: Sales | D7: Germany | E7: 64120 | F7: 42036 | G7: 1 | H7: Male | I7: user49@example.com | K7: 2 | L7: EMP1021 | M7: Jane Smith | N7: 98922
A8: EMP1005 | B8: Alice Brown | C8: IT | D8: India | E8: 78421 | F8: 42043 | G8: 2 | H8: Female | I8: user24@example.com | K8: 3 | L8: EMP1149 | M8: Sam Wilson | N8: 98475
A9: EMP1006 | B9: Sam Wilson | C9: Sales | D9: Unknown | E9: 67721 | F9: 42050 | G9: 2.9411765 | H9: Male | I9: user168@example.com | K9: 4 | L9: EMP1062 | M9: Chris Lee | N9: 97981
A10: EMP1007 | B10: Chris Lee | C10: Marketing | D10: Unknown | E10: 35364 | F10: 42057 | G10: 2 | H10: Other | I10: user26@example.com | K10: 5 | L10: EMP1008 | M10: Alice Brown | N10: 97881
A11: EMP1008 | B11: Alice Brown | C11: IT | D11: Germany | E11: 97881 | F11: 42064 | G11: 2.9491525 | H11: Female | I11: user25@example.com
A12: EMP1009 | B12: Chris Lee | C12: HR | D12: UK | E12: 91846 | F12: 42071 | G12: 2.9491525 | H12: Male | I12: user153@example.com | K12: TOP 5 Performance Rating
A13: EMP1010 | B13: Sam Wilson | C13: Finance | D13: UK | E13: 64247 | F13: 42078 | G13: 1 | H13: Female | I13: user18@example.com
A14: EMP1011 | B14: Sam Wilson | C14: IT | D14: USA | E14: 91180 | F14: 42085 | G14: 5 | H14: Male | I14: user1@example.com | K14: Employee ID | L14: Name | M14: Department | N14: Performance Rating
A15: EMP1012 | B15: Bob Johnson | C15: Sales | D15: Unknown | E15: 96418 | F15: 42092 | G15: 5 | H15: Male | I15: user106@example.com | K15: EMP1011 | L15: Sam Wilson | M15: IT | N15: 5
A16: EMP1013 | B16: Sam Wilson | C16: Unknown | D16: India | E16: 62158 | F16: 42099 | G16: 4 | H16: Unknown | I16: user180@example.com | K16: EMP1012 | L16: Bob Johnson | M16: Sales | N16: 5
A17: EMP1014 | B17: Jane Smith | C17: HR | D17: Unknown | E17: 59894 | F17: 42106 | G17: 2 | H17: Male | I17: user184@example.com | K17: EMP1019 | L17: Eve Adams | M17: Unknown | N17: 5
A18: EMP1015 | B18: Unknown | C18: IT | D18: India | E18: 92443 | F18: 42113 | G18: 3 | H18: Other | I18: user3@example.com | K18: EMP1022 | L18: Eve Adams | M18: Finance | N18: 5
A19: EMP1016 | B19: Bob Johnson | C19: Unknown | D19: Germany | E19: 90271 | F19: 42120 | G19: 2.9285714 | H19: Unknown | I19: user64@example.com | K19: EMP1029 | L19: Bob Johnson | M19: Marketing | N19: 5
A20: EMP1017 | B20: Jane Smith | C20: Finance | D20: Australia | E20: 41341 | F20: 42127 | G20: 1 | H20: Other | I20: user38@example.com
A21: EMP1018 | B21: Alice Brown | C21: Finance | D21: UK | E21: 73602 | F21: 42134 | G21: 2.9459459 | H21: Unknown | I21: user96@example.com
A22: EMP1019 | B22: Eve Adams | C22: Unknown | D22: India | E22: 67531 | F22: 42141 | G22: 5 | H22: Female | I22: user151@example.com
A23: EMP1020 | B23: Jane Smith | C23: HR | D23: USA | E23: 65248.854 | F23: 42148 | G23: 2 | H23: Other | I23: user200@example.com
A24: EMP1021 | B24: Jane Smith | C24: HR | D24: Unknown | E24: 98922 | F24: 42155 | G24: 4 | H24: Unknown | I24: user77@example.com
A25: EMP1022 | B25: Eve Adams | C25: Finance | D25: India | E25: 38333 | F25: 42162 | G25: 5 | H25: Unknown | I25: user128@example.com
A26: EMP1023 | B26: Alice Brown | C26: Marketing | D26: UK | E26: 36515 | F26: 42169 | G26: 3 | H26: Male | I26: user149@example.com
A27: EMP1024 | B27: Sam Wilson | C27: Finance | D27: Unknown | E27: 91005 | F27: 42176 | G27: 1 | H27: Other | I27: user122@example.com
A28: EMP1025 | B28: Chris Lee | C28: Unknown | D28: Unknown | E28: 52272 | F28: 42183 | G28: 3 | H28: Unknown | I28: user41@example.com
A29: EMP1026 | B29: Eve Adams | C29: Sales | D29: Germany | E29: 76518 | F29: 42190 | G29: 2 | H29: Female | I29: user68@example.com
A30: EMP1027 | B30: Alice Brown | C30: IT | D30: UK | E30: 41448 | F30: 42197 | G30: 3 | H30: Other | I30: user103@example.com
A31: EMP1028 | B31: John Doe | C31: HR | D31: UK | E31: 49282 | F31: 42204 | G31: 2 | H31: Female | I31: user135@example.com
A32: EMP1029 | B32: Bob Johnson | C32: Marketing | D32: UK | E32: 92959 | F32: 42211 | G32: 5 | H32: Unknown | I32: user83@example.com
A33: EMP1030 | B33: Unknown | C33: Marketing | D33: Unknown | E33: 92259 | F33: Unknown | G33: 1 | H33: Unknown | I33: user109@example.com
A34: EMP1031 | B34: Eve Adams | C34: HR | D34: Germany | E34: 92299 | F34: 42225 | G34: 3 | H34: Male | I34: user143@example.com
A35: EMP1032 | B35: Sam Wilson | C35: HR | D35: Unknown | E35: 95586 | F35: 42232 | G35: 3 | H35: Other | I35: user190@example.com
A36: EMP1033 | B36: Chris Lee | C36: Unknown | D36: USA | E36: 95367 | F36: 42239 | G36: 2.9381443 | H36: Male | I36: user136@example.com
A37: EMP1034 | B37: John Doe | C37: Sales | D37: Australia | E37: 79549 | F37: 42246 | G37: 3 | H37: Unknown | I37: user198@example.com
A38: EMP1035 | B38: Alice Brown | C38: Unknown | D38: UK | E38: 54463 | F38: 42253 | G38: 4 | H38: Male | I38: Unknown
A39: EMP1036 | B39: Alice Brown | C39: IT | D39: USA | E39: 89781 | F39: 42260 | G39: 2.9263158 | H39: Female | I39: user31@example.com
A40: EMP1037 | B40: Alice Brown | C40: HR | D40: Unknown | E40: 64796 | F40: 42267 | G40: 2.9263158 | H40: Other | I40: user98@example.com
A41: EMP1038 | B41: John Doe | C41: Marketing | D41: UK | E41: 52093 | F41: 42274 | G41: 5 | H41: Unknown | I41: user154@example.com
A42: EMP1039 | B42: Chris Lee | C42: HR | D42: UK | E42: 48224 | F42: 42281 | G42: 3 | H42: Unknown | I42: user42@example.com
A43: EMP1040 | B43: Bob Johnson | C43: Finance | D43: UK | E43: 64268.635 | F43: Unknown | G43: 4 | H43: Female | I43: user89@example.com
A44: EMP1041 | B44: Alice Brown | C44: IT | D44: Germany | E44: 33956 | F44: 42295 | G44: 2.8913043 | H44: Unknown | I44: user47@example.com
A45: EMP1042 | B45: Bob Johnson | C45: Unknown | D45: Australia | E45: 64913 | F45: 42302 | G45: 1 | H45: Female | I45: user175@example.com
A46: EMP1043 | B46: Alice Brown | C46: Marketing | D46: Australia | E46: 35326 | F46: 42309 | G46: 2.9120879 | H46: Female | I46: user57@example.com
A47: EMP1044 | B47: Chris Lee | C47: Finance | D47: Unknown | E47: 81610 | F47: 42316 | G47: 1 | H47: Unknown | I47: user20@example.com
A48: EMP1045 | B48: Unknown | C48: HR | D48: Unknown | E48: 58962 | F48: 42323 | G48: 3 | H48: Other | I48: user106@example.com
A49: EMP1046 | B49: Chris Lee | C49: IT | D49: Germany | E49: 92701 | F49: 42330 | G49: 3 | H49: Other | I49: user199@example.com
A50: EMP1047 | B50: Chris Lee | C50: HR | D50: India | E50: 58245 | F50: 42337 | G50: 4 | H50: Unknown | I50: user43@example.com
A51: EMP1048 | B51: John Doe | C51: Finance | D51: Unknown | E51: 66513 | F51: 42344 | G51: 2 | H51: Other | I51: user24@example.com
A52: EMP1049 | B52: Eve Adams | C52: HR | D52: Germany | E52: 78720 | F52: 42351 | G52: 5 | H52: Female | I52: user89@example.com
A53: EMP1050 | B53: Chris Lee | C53: Unknown | D53: Unknown | E53: 30686 | F53: Unknown | G53: 2 | H53: Female | I53: user95@example.com
A54: EMP1051 | B54: Sam Wilson | C54: Sales | D54: India | E54: 39423 | F54: 42365 | G54: 5 | H54: Unknown | I54: user59@example.com
A55: EMP1052 | B55: Eve Adams | C55: Marketing | D55: Unknown | E55: 30280 | F55: 42372 | G55: 1 | H55: Unknown | I55: user152@example.com
A56: EMP1053 | B56: Eve Adams | C56: Finance | D56: UK | E56: 33352 | F56: 42379 | G56: 3 | H56: Female | I56: user200@example.com
A57: EMP1054 | B57: Bob Johnson | C57: Marketing | D57: UK | E57: 75633 | F57: 42386 | G57: 5 | H57: Other | I57: user92@example.com
A58: EMP1055 | B58: Chris Lee | C58: Unknown | D58: USA | E58: 74815 | F58: 42393 | G58: 5 | H58: Female | I58: user50@example.com
A59: EMP1056 | B59: John Doe | C59: Sales | D59: Australia | E59: 60011 | F59: 42400 | G59: 1 | H59: Male | I59: user63@example.com
A60: EMP1057 | B60: Eve Adams | C60: Unknown | D60: India | E60: 96949 | F60: 42407 | G60: 3 | H60: Unknown | I60: user103@example.com
A61: EMP1058 | B61: Sam Wilson | C61: Marketing | D61: Unknown | E61: 84924 | F61: 42414 | G61: 5 | H61: Male | I61: user150@example.com
A62: EMP1059 | B62: Sam Wilson | C62: Finance | D62: USA | E62: 82033 | F62: 42421 | G62: 1 | H62: Unknown | I62: user20@example.com
A63: EMP1060 | B63: Unknown | C63: Marketing | D63: Germany | E63: 64763.365 | F63: Unknown | G63: 5 | H63: Unknown | I63: user112@example.com
A64: EMP1061 | B64: Eve Adams | C64: Unknown | D64: Australia | E64: 31499 | F64: 42435 | G64: 2 | H64: Unknown | I64: user31@example.com
A65: EMP1062 | B65: Chris Lee | C65: IT | D65: UK | E65: 97981 | F65: 42442 | G65: 5 | H65: Female | I65: user71@example.com
A66: EMP1063 | B66: Eve Adams | C66: HR | D66: USA | E66: 36541 | F66: 42449 | G66: 2 | H66: Other | I66: user97@example.com
A67: EMP1064 | B67: John Doe | C67: IT | D67: India | E67: 84737 | F67: 42456 | G67: 1 | H67: Male | I67: user141@example.com
A68: EMP1065 | B68: Sam Wilson | C68: Finance | D68: India | E68: 33468 | F68: 42463 | G68: 4 | H68: Male | I68: user125@example.com
A69: EMP1066 | B69: Sam Wilson | C69: Unknown | D69: Australia | E69: 96365 | F69: 42470 | G69: 3 | H69: Other | I69: user90@example.com
A70: EMP1067 | B70: Alice Brown | C70: Sales | D70: India | E70: 61942 | F70: 42477 | G70: 3 | H70: Female | I70: user192@example.com
A71: EMP1068 | B71: Sam Wilson | C71: Finance | D71: UK | E71: 41467 | F71: 42484 | G71: 2 | H71: Unknown | I71: user77@example.com
A72: EMP1069 | B72: Bob Johnson | C72: Finance | D72: India | E72: 77096 | F72: 42491 | G72: 1 | H72: Unknown | I72: user65@example.com
A73: EMP1070 | B73: Eve Adams | C73: Sales | D73: Australia | E73: 69952 | F73: 42498 | G73: 5 | H73: Female | I73: Unknown
A74: EMP1071 | B74: Eve Adams | C74: Marketing | D74: USA | E74: 85065 | F74: 42505 | G74: 3 | H74: Unknown | I74: user142@example.com
A75: EMP1072 | B75: Bob Johnson | C75: Marketing | D75: India | E75: 56512 | F75: 42512 | G75: 2.8571429 | H75: Other | I75: user153@example.com
... A82: EMP1079 | B82: Chris Lee | C82: Sales | D82: USA | E82: 66079 | F82: 42561 | G82: 2 | H82: Other | I82: user55@example.com
A83: EMP1080 | B83: Eve Adams | C83: Marketing | D83: India | E83: 63575.515 | F83: Unknown | G83: 2.9649123 | H83: Unknown | I83: user135@example.com
A84: EMP1081 | B84: Jane Smith | C84: Sales | D84: USA | E84: 95621 | F84: 42575 | G84: 3 | H84: Female | I84: user156@example.com
A85: EMP1082 | B85: Eve Adams | C85: IT | D85: UK | E85: 42262 | F85: 42582 | G85: 1 | H85: Unknown | I85: user104@example.com
A86: EMP1083 | B86: Sam Wilson | C86: Sales | D86: India | E86: 99621 | F86: 42589 | G86: 3 | H86: Other | I86: user145@example.com
A87: EMP1084 | B87: John Doe | C87: Marketing | D87: India | E87: 44682 | F87: 42596 | G87: 4 | H87: Female | I87: user47@example.com
A88: EMP1085 | B88: Chris Lee | C88: Finance | D88: Unknown | E88: 35163 | F88: 42603 | G88: 5 | H88: Other | I88: user197@example.com
A89: EMP1086 | B89: Chris Lee | C89: IT | D89: India | E89: 33483 | F89: 42610 | G89: 4 | H89: Male | I89: user177@example.com
A90: EMP1087 | B90: Sam Wilson | C90: HR | D90: Germany | E90: 55303 | F90: 42617 | G90: 4 | H90: Male | I90: user149@example.com
A91: EMP1088 | B91: Chris Lee | C91: IT | D91: Unknown | E91: 63434 | F91: 42624 | G91: 3 | H91: Unknown | I91: user48@example.com
A92: EMP1089 | B92: Jane Smith | C92: Unknown | D92: Australia | E92: 38830 | F92: 42631 | G92: 3 | H92: Other | I92: user149@example.com
A93: EMP1090 | B93: Unknown | C93: Marketing | D93: UK | E93: 50741 | F93: 42638 | G93: 3 | H93: Unknown | I93: user65@example.com
A94: EMP1091 | B94: Alice Brown | C94: HR | D94: Australia | E94: 69420 | F94: 42645 | G94: 1 | H94: Male | I94: user43@example.com
A95: EMP1092 | B95: Jane Smith | C95: IT | D95: Unknown | E95: 80588 | F95: 42652 | G95: 5 | H95: Male | I95: user98@example.com
... A112: EMP1109 | B112: Jane Smith | C112: Unknown | D112: India | E112: 88850 | F112: 42771 | G112: 1 | H112: Female | I112: user174@example.com
A113: EMP1110 | B113: Chris Lee | C113: Sales | D113: India | E113: 31293 | F113: Unknown | G113: 2 | H113: Female | I113: user44@example.com
A114: EMP1111 | B114: Chris Lee | C114: IT | D114: USA | E114: 34306 | F114: 42785 | G114: 5 | H114: Female | I114: user192@example.com
A115: EMP1112 | B115: Eve Adams | C115: Finance | D115: India | E115: 78330 | F115: 42792 | G115: 3 | H115: Other | I115: user76@example.com
A116: EMP1113 | B116: Alice Brown | C116: IT | D116: USA | E116: 47653 | F116: 42799 | G116: 1 | H116: Male | I116: user82@example.com
A117: EMP1114 | B117: Eve Adams | C117: Marketing | D117: UK | E117: 44627 | F117: 42806 | G117: 4 | H117: Unknown | I117: user97@example.com
A118: EMP1115 | B118: Bob Johnson | C118: HR | D118: Germany | E118: 92343 | F118: 42813 | G118: 4 | H118: Female | I118: user149@example.com
A119: EMP1116 | B119: Bob Johnson | C119: Marketing | D119: Australia | E119: 38837 | F119: 42820 | G119: 5 | H119: Female | I119: user192@example.com
A120: EMP1117 | B120: Bob Johnson | C120: Marketing | D120: Unknown | E120: 73483 | F120: 42827 | G120: 1 | H120: Unknown | I120: user137@example.com
A121: EMP1118 | B121: Chris Lee | C121: Sales | D121: India | E121: 95032 | F121: 42834 | G121: 3 | H121: Unknown | I121: user23@example.com
A122: EMP1119 | B122: Eve Adams | C122: Sales | D122: Australia | E122: 44358 | F122: 42841 | G122: 3 | H122: Female | I122: user200@example.com
...

Sheet Date & Time Functions
A1: DAY-11 Date & Time Functions
A2: Employee ID | B2: Name | C2: Department | D2: Country | E2: Salary | F2: Date of Joining | G2: Joined Month | H2: Performance Rating | I2: Gender | J2: Email
A3: EMP1000 | B3: Unknown | C3: Finance | D3: Unknown | E3: 66280.93 | F3: Unknown | G3: =TEXT(Table117[[#This Row],[Date of Joining]],"mmmm") -> Unknown | H3: 2 | I3: Unknown | J3: Unknown
A4: EMP1001 | B4: Eve Adams | C4: HR | D4: Germany | E4: 54255 | F4: 42015 | G4: =TEXT(Table117[[#This Row],[Date of Joining]],"mmmm") -> January | H4: 1 | I4: Other | J4: user106@example.com
A5: EMP1002 | B5: Alice Brown | C5: Finance | D5: Germany | E5: 63184 | F5: 42022 | G5: =TEXT(Table117[[#This Row],[Date of Joining]],"mmmm") -> January | H5: 2 | I5: Unknown | J5: user176@example.com
A6: EMP1003 | B6: John Doe | C6: Sales | D6: USA | E6: 94406 | F6: 42029 | G6: =TEXT(Table117[[#This Row],[Date of Joining]],"mmmm") -> January | H6: 1 | I6: Male | J6: user168@example.com
A7: EMP1004 | B7: Jane Smith | C7: Sales | D7: Germany | E7: 64120 | F7: 42036 | G7: =TEXT(Table117[[#This Row],[Date of Joining]],"mmmm") -> February | H7: 1 | I7: Male | J7: user49@example.com
A8: EMP1005 | B8: Alice Brown | C8: IT | D8: India | E8: 78421 | F8: 42043 | G8: =TEXT(Table117[[#This Row],[Date of Joining]],"mmmm") -> February | H8: 2 | I8: Female | J8: user24@example.com
A9: EMP1006 | B9: Sam Wilson | C9: Sales | D9: Unknown | E9: 67721 | F9: 42050 | G9: =TEXT(Table117[[#This Row],[Date of Joining]],"mmmm") -> February | H9: 2.9411765 | I9: Male | J9: user168@example.com
A10: EMP1007 | B10: Chris Lee | C10: Marketing | D10: Unknown | E10: 35364 | F10: 42057 | G10: =TEXT(Table117[[#This Row],[Date of Joining]],"mmmm") -> February | H10: 2 | I10: Other | J10: user26@example.com
A11: EMP1008 | B11: Alice Brown | C11: IT | D11: Germany | E11: 97881 | F11: 42064 | G11: =TEXT(Table117[[#This Row],[Date of Joining]],"mmmm") -> March | H11: 2.9491525 | I11: Female | J11: user25@example.com
A12: EMP1009 | B12: Chris Lee | C12: HR | D12: UK | E12: 91846 | F12: 42071 | G12: =TEXT(Table117[[#This Row],[Date of Joining]],"mmmm") -> March | H12: 2.9491525 | I12: Male | J12: user153@example.com
A13: EMP1010 | B13: Sam Wilson | C13: Finance | D13: UK | E13: 64247 | F13: 42078 | G13: =TEXT(Table117[[#This Row],[Date of Joining]],"mmmm") -> March | H13: 1 | I13: Female | J13: user18@example.com
A14: EMP1011 | B14: Sam Wilson | C14: IT | D14: USA | E14: 91180 | F14: 42085 | G14: =TEXT(Table117[[#This Row],[Date of Joining]],"mmmm") -> March | H14: 5 | I14: Male | J14: user1@example.com
A15: EMP1012 | B15: Bob Johnson | C15: Sales | D15: Unknown | E15: 96418 | F15: 42092 | G15: =TEXT(Table117[[#This Row],[Date of Joining]],"mmmm") -> March | H15: 5 | I15: Male | J15: user106@example.com
... A32: EMP1029 | B32: Bob Johnson | C32: Marketing | D32: UK | E32: 92959 | F32: 42211 | G32: =TEXT(Table117[[#This Row],[Date of Joining]],"mmmm") -> July | H32: 5 | I32: Unknown | J32: user83@example.com
A33: EMP1030 | B33: Unknown | C33: Marketing | D33: Unknown | E33: 92259 | F33: Unknown | G33: =TEXT(Table117[[#This Row],[Date of Joining]],"mmmm") -> Unknown | H33: 1 | I33: Unknown | J33: user109@example.com
A34: EMP1031 | B34: Eve Adams | C34: HR | D34: Germany | E34: 92299 | F34: 42225 | G34: =TEXT(Table117[[#This Row],[Date of Joining]],"mmmm") -> August | H34: 3 | I34: Male | J34: user143@example.com
A35: EMP1032 | B35: Sam Wilson | C35: HR | D35: Unknown | E35: 95586 | F35: 42232 | G35: =TEXT(Table117[[#This Row],[Date of Joining]],"mmmm") -> August | H35: 3 | I35: Other | J35: user190@example.com
A36: EMP1033 | B36: Chris Lee | C36: Unknown | D36: USA | E36: 95367 | F36: 42239 | G36: =TEXT(Table117[[#This Row],[Date of Joining]],"mmmm") -> August | H36: 2.9381443 | I36: Male | J36: user136@example.com
A37: EMP1034 | B37: John Doe | C37: Sales | D37: Australia | E37: 79549 | F37: 42246 | G37: =TEXT(Table117[[#This Row],[Date of Joining]],"mmmm") -> August | H37: 3 | I37: Unknown | J37: user198@example.com
A38: EMP1035 | B38: Alice Brown | C38: Unknown | D38: UK | E38: 54463 | F38: 42253 | G38: =TEXT(Table117[[#This Row],[Date of Joining]],"mmmm") -> September | H38: 4 | I38: Male | J38: Unknown
A39: EMP1036 | B39: Alice Brown | C39: IT | D39: USA | E39: 89781 | F39: 42260 | G39: =TEXT(Table117[[#This Row],[Date of Joining]],"mmmm") -> September | H39: 2.9263158 | I39: Female | J39: user31@example.com
A40: EMP1037 | B40: Alice Brown | C40: HR | D40: Unknown | E40: 64796 | F40: 42267 | G40: =TEXT(Table117[[#This Row],[Date of Joining]],"mmmm") -> September | H40: 2.9263158 | I40: Other | J40: user98@example.com
A41: EMP1038 | B41: John Doe | C41: Marketing | D41: UK | E41: 52093 | F41: 42274 | G41: =TEXT(Table117[[#This Row],[Date of Joining]],"mmmm") -> September | H41: 5 | I41: Unknown | J41: user154@example.com
A42: EMP1039 | B42: Chris Lee | C42: HR | D42: UK | E42: 48224 | F42: 42281 | G42: =TEXT(Table117[[#This Row],[Date of Joining]],"mmmm") -> October | H42: 3 | I42: Unknown | J42: user42@example.com
A43: EMP1040 | B43: Bob Johnson | C43: Finance | D43: UK | E43: 64268.635 | F43: Unknown | G43: =TEXT(Table117[[#This Row],[Date of Joining]],"mmmm") -> Unknown | H43: 4 | I43: Female | J43: user89@example.com
A44: EMP1041 | B44: Alice Brown | C44: IT | D44: Germany | E44: 33956 | F44: 42295 | G44: =TEXT(Table117[[#This Row],[Date of Joining]],"mmmm") -> October | H44: 2.8913043 | I44: Unknown | J44: user47@example.com
A45: EMP1042 | B45: Bob Johnson | C45: Unknown | D45: Australia | E45: 64913 | F45: 42302 | G45: =TEXT(Table117[[#This Row],[Date of Joining]],"mmmm") -> October | H45: 1 | I45: Female | J45: user175@example.com
A46: EMP1043 | B46: Alice Brown | C46: Marketing | D46: Australia | E46: 35326 | F46: 42309 | G46: =TEXT(Table117[[#This Row],[Date of Joining]],"mmmm") -> November | H46: 2.9120879 | I46: Female | J46: user57@example.com
A47: EMP1044 | B47: Chris Lee | C47: Finance | D47: Unknown | E47: 81610 | F47: 42316 | G47: =TEXT(Table117[[#This Row],[Date of Joining]],"mmmm") -> November | H47: 1 | I47: Unknown | J47: user20@example.com
A48: EMP1045 | B48: Unknown | C48: HR | D48: Unknown | E48: 58962 | F48: 42323 | G48: =TEXT(Table117[[#This Row],[Date of Joining]],"mmmm") -> November | H48: 3 | I48: Other | J48: user106@example.com
A49: EMP1046 | B49: Chris Lee | C49: IT | D49: Germany | E49: 92701 | F49: 42330 | G49: =TEXT(Table117[[#This Row],[Date of Joining]],"mmmm") -> November | H49: 3 | I49: Other | J49: user199@example.com
A50: EMP1047 | B50: Chris Lee | C50: HR | D50: India | E50: 58245 | F50: 42337 | G50: =TEXT(Table117[[#This Row],[Date of Joining]],"mmmm") -> November | H50: 4 | I50: Unknown | J50: user43@example.com
A51: EMP1048 | B51: John Doe | C51: Finance | D51: Unknown | E51: 66513 | F51: 42344 | G51: =TEXT(Table117[[#This Row],[Date of Joining]],"mmmm") -> December | H51: 2 | I51: Other | J51: user24@example.com
A52: EMP1049 | B52: Eve Adams | C52: HR | D52: Germany | E52: 78720 | F52: 42351 | G52: =TEXT(Table117[[#This Row],[Date of Joining]],"mmmm") -> December | H52: 5 | I52: Female | J52: user89@example.com
A53: EMP1050 | B53: Chris Lee | C53: Unknown | D53: Unknown | E53: 30686 | F53: Unknown | G53: =TEXT(Table117[[#This Row],[Date of Joining]],"mmmm") -> Unknown | H53: 2 | I53: Female | J53: user95@example.com
A54: EMP1051 | B54: Sam Wilson | C54: Sales | D54: India | E54: 39423 | F54: 42365 | G54: =TEXT(Table117[[#This Row],[Date of Joining]],"mmmm") -> December | H54: 5 | I54: Unknown | J54: user59@example.com
A55: EMP1052 | B55: Eve Adams | C55: Marketing | D55: Unknown | E55: 30280 | F55: 42372 | G55: =TEXT(Table117[[#This Row],[Date of Joining]],"mmmm") -> January | H55: 1 | I55: Unknown | J55: user152@example.com
A56: EMP1053 | B56: Eve Adams | C56: Finance | D56: UK | E56: 33352 | F56: 42379 | G56: =TEXT(Table117[[#This Row],[Date of Joining]],"mmmm") -> January | H56: 3 | I56: Female | J56: user200@example.com
A57: EMP1054 | B57: Bob Johnson | C57: Marketing | D57: UK | E57: 75633 | F57: 42386 | G57: =TEXT(Table117[[#This Row],[Date of Joining]],"mmmm") -> January | H57: 5 | I57: Other | J57: user92@example.com
A58: EMP1055 | B58: Chris Lee | C58: Unknown | D58: USA | E58: 74815 | F58: 42393 | G58: =TEXT(Table117[[#This Row],[Date of Joining]],"mmmm") -> January | H58: 5 | I58: Female | J58: user50@example.com
A59: EMP1056 | B59: John Doe | C59: Sales | D59: Australia | E59: 60011 | F59: 42400 | G59: =TEXT(Table117[[#This Row],[Date of Joining]],"mmmm") -> January | H59: 1 | I59: Male | J59: user63@example.com
A60: EMP1057 | B60: Eve Adams | C60: Unknown | D60: India | E60: 96949 | F60: 42407 | G60: =TEXT(Table117[[#This Row],[Date of Joining]],"mmmm") -> February | H60: 3 | I60: Unknown | J60: user103@example.com
A61: EMP1058 | B61: Sam Wilson | C61: Marketing | D61: Unknown | E61: 84924 | F61: 42414 | G61: =TEXT(Table117[[#This Row],[Date of Joining]],"mmmm") -> February | H61: 5 | I61: Male | J61: user150@example.com
A62: EMP1059 | B62: Sam Wilson | C62: Finance | D62: USA | E62: 82033 | F62: 42421 | G62: =TEXT(Table117[[#This Row],[Date of Joining]],"mmmm") -> February | H62: 1 | I62: Unknown | J62: user20@example.com
A63: EMP1060 | B63: Unknown | C63: Marketing | D63: Germany | E63: 64763.365 | F63: Unknown | G63: =TEXT(Table117[[#This Row],[Date of Joining]],"mmmm") -> Unknown | H63: 5 | I63: Unknown | J63: user112@example.com
A64: EMP1061 | B64: Eve Adams | C64: Unknown | D64: Australia | E64: 31499 | F64: 42435 | G64: =TEXT(Table117[[#This Row],[Date of Joining]],"mmmm") -> March | H64: 2 | I64: Unknown | J64: user31@example.com
A65: EMP1062 | B65: Chris Lee | C65: IT | D65: UK | E65: 97981 | F65: 42442 | G65: =TEXT(Table117[[#This Row],[Date of Joining]],"mmmm") -> March | H65: 5 | I65: Female | J65: user71@example.com
A66: EMP1063 | B66: Eve Adams | C66: HR | D66: USA | E66: 36541 | F66: 42449 | G66: =TEXT(Table117[[#This Row],[Date of Joining]],"mmmm") -> March | H66: 2 | I66: Other | J66: user97@example.com
A67: EMP1064 | B67: John Doe | C67: IT | D67: India | E67: 84737 | F67: 42456 | G67: =TEXT(Table117[[#This Row],[Date of Joining]],"mmmm") -> March | H67: 1 | I67: Male | J67: user141@example.com
A68: EMP1065 | B68: Sam Wilson | C68: Finance | D68: India | E68: 33468 | F68: 42463 | G68: =TEXT(Table117[[#This Row],[Date of Joining]],"mmmm") -> April | H68: 4 | I68: Male | J68: user125@example.com
A69: EMP1066 | B69: Sam Wilson | C69: Unknown | D69: Australia | E69: 96365 | F69: 42470 | G69: =TEXT(Table117[[#This Row],[Date of Joining]],"mmmm") -> April | H69: 3 | I69: Other | J69: user90@example.com
A70: EMP1067 | B70: Alice Brown | C70: Sales | D70: India | E70: 61942 | F70: 42477 | G70: =TEXT(Table117[[#This Row],[Date of Joining]],"mmmm") -> April | H70: 3 | I70: Female | J70: user192@example.com
A71: EMP1068 | B71: Sam Wilson | C71: Finance | D71: UK | E71: 41467 | F71: 42484 | G71: =TEXT(Table117[[#This Row],[Date of Joining]],"mmmm") -> April | H71: 2 | I71: Unknown | J71: user77@example.com
A72: EMP1069 | B72: Bob Johnson | C72: Finance | D72: India | E72: 77096 | F72: 42491 | G72: =TEXT(Table117[[#This Row],[Date of Joining]],"mmmm") -> May | H72: 1 | I72: Unknown | J72: user65@example.com
A73: EMP1070 | B73: Eve Adams | C73: Sales | D73: Australia | E73: 69952 | F73: 42498 | G73: =TEXT(Table117[[#This Row],[Date of Joining]],"mmmm") -> May | H73: 5 | I73: Female | J73: Unknown
A74: EMP1071 | B74: Eve Adams | C74: Marketing | D74: USA | E74: 85065 | F74: 42505 | G74: =TEXT(Table117[[#This Row],[Date of Joining]],"mmmm") -> May | H74: 3 | I74: Unknown | J74: user142@example.com
A75: EMP1072 | B75: Bob Johnson | C75: Marketing | D75: India | E75: 56512 | F75: 42512 | G75: =TEXT(Table117[[#This Row],[Date of Joining]],"mmmm") -> May | H75: 2.8571429 | I75: Other | J75: user153@example.com
... A82: EMP1079 | B82: Chris Lee | C82: Sales | D82: USA | E82: 66079 | F82: 42561 | G82: =TEXT(Table117[[#This Row],[Date of Joining]],"mmmm") -> July | H82: 2 | I82: Other | J82: user55@example.com
A83: EMP1080 | B83: Eve Adams | C83: Marketing | D83: India | E83: 63575.515 | F83: Unknown | G83: =TEXT(Table117[[#This Row],[Date of Joining]],"mmmm") -> Unknown | H83: 2.9649123 | I83: Unknown | J83: user135@example.com
A84: EMP1081 | B84: Jane Smith | C84: Sales | D84: USA | E84: 95621 | F84: 42575 | G84: =TEXT(Table117[[#This Row],[Date of Joining]],"mmmm") -> July | H84: 3 | I84: Female | J84: user156@example.com
A85: EMP1082 | B85: Eve Adams | C85: IT | D85: UK | E85: 42262 | F85: 42582 | G85: =TEXT(Table117[[#This Row],[Date of Joining]],"mmmm") -> July | H85: 1 | I85: Unknown | J85: user104@example.com
A86: EMP1083 | B86: Sam Wilson | C86: Sales | D86: India | E86: 99621 | F86: 42589 | G86: =TEXT(Table117[[#This Row],[Date of Joining]],"mmmm") -> August | H86: 3 | I86: Other | J86: user145@example.com
A87: EMP1084 | B87: John Doe | C87: Marketing | D87: India | E87: 44682 | F87: 42596 | G87: =TEXT(Table117[[#This Row],[Date of Joining]],"mmmm") -> August | H87: 4 | I87: Female | J87: user47@example.com
A88: EMP1085 | B88: Chris Lee | C88: Finance | D88: Unknown | E88: 35163 | F88: 42603 | G88: =TEXT(Table117[[#This Row],[Date of Joining]],"mmmm") -> August | H88: 5 | I88: Other | J88: user197@example.com
A89: EMP1086 | B89: Chris Lee | C89: IT | D89: India | E89: 33483 | F89: 42610 | G89: =TEXT(Table117[[#This Row],[Date of Joining]],"mmmm") -> August | H89: 4 | I89: Male | J89: user177@example.com
A90: EMP1087 | B90: Sam Wilson | C90: HR | D90: Germany | E90: 55303 | F90: 42617 | G90: =TEXT(Table117[[#This Row],[Date of Joining]],"mmmm") -> September | H90: 4 | I90: Male | J90: user149@example.com
A91: EMP1088 | B91: Chris Lee | C91: IT | D91: Unknown | E91: 63434 | F91: 42624 | G91: =TEXT(Table117[[#This Row],[Date of Joining]],"mmmm") -> September | H91: 3 | I91: Unknown | J91: user48@example.com
A92: EMP1089 | B92: Jane Smith | C92: Unknown | D92: Australia | E92: 38830 | F92: 42631 | G92: =TEXT(Table117[[#This Row],[Date of Joining]],"mmmm") -> September | H92: 3 | I92: Other | J92: user149@example.com
A93: EMP1090 | B93: Unknown | C93: Marketing | D93: UK | E93: 50741 | F93: 42638 | G93: =TEXT(Table117[[#This Row],[Date of Joining]],"mmmm") -> September | H93: 3 | I93: Unknown | J93: user65@example.com
A94: EMP1091 | B94: Alice Brown | C94: HR | D94: Australia | E94: 69420 | F94: 42645 | G94: =TEXT(Table117[[#This Row],[Date of Joining]],"mmmm") -> October | H94: 1 | I94: Male | J94: user43@example.com
A95: EMP1092 | B95: Jane Smith | C95: IT | D95: Unknown | E95: 80588 | F95: 42652 | G95: =TEXT(Table117[[#This Row],[Date of Joining]],"mmmm") -> October | H95: 5 | I95: Male | J95: user98@example.com
... A112: EMP1109 | B112: Jane Smith | C112: Unknown | D112: India | E112: 88850 | F112: 42771 | G112: =TEXT(Table117[[#This Row],[Date of Joining]],"mmmm") -> February | H112: 1 | I112: Female | J112: user174@example.com
A113: EMP1110 | B113: Chris Lee | C113: Sales | D113: India | E113: 31293 | F113: Unknown | G113: =TEXT(Table117[[#This Row],[Date of Joining]],"mmmm") -> Unknown | H113: 2 | I113: Female | J113: user44@example.com
A114: EMP1111 | B114: Chris Lee | C114: IT | D114: USA | E114: 34306 | F114: 42785 | G114: =TEXT(Table117[[#This Row],[Date of Joining]],"mmmm") -> February | H114: 5 | I114: Female | J114: user192@example.com
A115: EMP1112 | B115: Eve Adams | C115: Finance | D115: India | E115: 78330 | F115: 42792 | G115: =TEXT(Table117[[#This Row],[Date of Joining]],"mmmm") -> February | H115: 3 | I115: Other | J115: user76@example.com
A116: EMP1113 | B116: Alice Brown | C116: IT | D116: USA | E116: 47653 | F116: 42799 | G116: =TEXT(Table117[[#This Row],[Date of Joining]],"mmmm") -> March | H116: 1 | I116: Male | J116: user82@example.com
A117: EMP1114 | B117: Eve Adams | C117: Marketing | D117: UK | E117: 44627 | F117: 42806 | G117: =TEXT(Table117[[#This Row],[Date of Joining]],"mmmm") -> March | H117: 4 | I117: Unknown | J117: user97@example.com
A118: EMP1115 | B118: Bob Johnson | C118: HR | D118: Germany | E118: 92343 | F118: 42813 | G118: =TEXT(Table117[[#This Row],[Date of Joining]],"mmmm") -> March | H118: 4 | I118: Female | J118: user149@example.com
A119: EMP1116 | B119: Bob Johnson | C119: Marketing | D119: Australia | E119: 38837 | F119: 42820 | G119: =TEXT(Table117[[#This Row],[Date of Joining]],"mmmm") -> March | H119: 5 | I119: Female | J119: user192@example.com
A120: EMP1117 | B120: Bob Johnson | C120: Marketing | D120: Unknown | E120: 73483 | F120: 42827 | G120: =TEXT(Table117[[#This Row],[Date of Joining]],"mmmm") -> April | H120: 1 | I120: Unknown | J120: user137@example.com
A121: EMP1118 | B121: Chris Lee | C121: Sales | D121: India | E121: 95032 | F121: 42834 | G121: =TEXT(Table117[[#This Row],[Date of Joining]],"mmmm") -> April | H121: 3 | I121: Unknown | J121: user23@example.com
A122: EMP1119 | B122: Eve Adams | C122: Sales | D122: Australia | E122: 44358 | F122: 42841 | G122: =TEXT(Table117[[#This Row],[Date of Joining]],"mmmm") -> April | H122: 3 | I122: Female | J122: user200@example.com
A123: EMP1120 | B123: Unknown | C123: IT | D123: USA | E123: 63232.929 | F123: Unknown | G123: =TEXT(Table117[[#This Row],[Date of Joining]],"mmmm") -> Unknown | H123: 5 | I123: Unknown | J123: user101@example.com
A124: EMP1121 | B124: Chris Lee | C124: Sales | D124: USA | E124: 45676 | F124: 42855 | G124: =TEXT(Table117[[#This Row],[Date of Joining]],"mmmm") -> April | H124: 2 | I124: Unknown | J124: user132@example.com
A125: EMP1122 | B125: Bob Johnson | C125: Sales | D125: Germany | E125: 52036 | F125: 42862 | G125: =TEXT(Table117[[#This Row],[Date of Joining]],"mmmm") -> May | H125: 3 | I125: Male | J125: user171@example.com
A126: EMP1123 | B126: Jane Smith | C126: Unknown | D126: Germany | E126: 30357 | F126: 42869 | G126: =TEXT(Table117[[#This Row],[Date of Joining]],"mmmm") -> May | H126: 5 | I126: Male | J126: user145@example.com
A127: EMP1124 | B127: John Doe | C127: IT | D127: Unknown | E127: 60034 | F127: 42876 | G127: =TEXT(Table117[[#This Row],[Date of Joining]],"mmmm") -> May | H127: 1 | I127: Female | J127: user75@example.com
A128: EMP1125 | B128: John Doe | C128: Finance | D128: Unknown | E128: 90019 | F128: 42883 | G128: =TEXT(Table117[[#This Row],[Date of Joining]],"mmmm") -> May | H128: 5 | I128: Unknown | J128: user52@example.com
A129: EMP1126 | B129: Bob Johnson | C129: Unknown | D129: Germany | E129: 71494 | F129: 42890 | G129: =TEXT(Table117[[#This Row],[Date of Joining]],"mmmm") -> June | H129: 3 | I129: Male | J129: user100@example.com
A130: EMP1127 | B130: John Doe | C130: Finance | D130: USA | E130: 91953 | F130: 42897 | G130: =TEXT(Table117[[#This Row],[Date of Joining]],"mmmm") -> June | H130: 2 | I130: Male | J130: user83@example.com
A131: EMP1128 | B131: Chris Lee | C131: Sales | D131: USA | E131: 30402 | F131: 42904 | G131: =TEXT(Table117[[#This Row],[Date of Joining]],"mmmm") -> June | H131: 1 | I131: Unknown | J131: user167@example.com
A132: EMP1129 | B132: Bob Johnson | C132: Unknown | D132: UK | E132: 62994 | F132: 42911 | G132: =TEXT(Table117[[#This Row],[Date of Joining]],"mmmm") -> June | H132: 3 | I132: Unknown | J132: user175@example.com
A133: EMP1130 | B133: Alice Brown | C133: Sales | D133: India | E133: 48289 | F133: Unknown | G133: =TEXT(Table117[[#This Row],[Date of Joining]],"mmmm") -> Unknown | H133: 3 | I133: Male | J133: user25@example.com
A134: EMP1131 | B134: Sam Wilson | C134: Marketing | D134: Germany | E134: 34402 | F134: 42925 | G134: =TEXT(Table117[[#This Row],[Date of Joining]],"mmmm") -> July | H134: 3 | I134: Other | J134: user42@example.com
A135: EMP1132 | B135: Eve Adams | C135: HR | D135: USA | E135: 38678 | F135: 42932 | G135: =TEXT(Table117[[#This Row],[Date of Joining]],"mmmm") -> July | H135: 3 | I135: Other | J135: user188@example.com
A136: EMP1133 | B136: Chris Lee | C136: HR | D136: Germany | E136: 45758 | F136: 42939 | G136: =TEXT(Table117[[#This Row],[Date of Joining]],"mmmm") -> July | H136: 3 | I136: Unknown | J136: user44@example.com
A137: EMP1134 | B137: Eve Adams | C137: Marketing | D137: India | E137: 62476 | F137: 42946 | G137: =TEXT(Table117[[#This Row],[Date of Joining]],"mmmm") -> July | H137: 1 | I137: Other | J137: user63@example.com
A138: EMP1135 | B138: Unknown | C138: IT | D138: UK | E138: 39280 | F138: 42953 | G138: =TEXT(Table117[[#This Row],[Date of Joining]],"mmmm") -> August | H138: 3 | I138: Female | J138: user198@example.com
...

Sheet Orginal data
A1: DAY-12 Lookup & Reference (VLOOKUP )
A2: Employee ID | B2: Name | C2: Department | D2: Country | E2: Salary | F2: Date of Joining | G2: Performance Rating | H2: Gender | J2: Column1 | K2: Column2 | L2: Column3 | M2: Column4 | N2: Column5 | O2: Column6 | P2: Column7 | Q2: Column8
A3: EMP1000 | B3: Unknown | C3: Finance | D3: Unknown | E3: 66280.93 | F3: Unknown | G3: 2 | H3: Unknown
A4: EMP1001 | B4: Eve Adams | C4: HR | D4: Germany | E4: 54255 | F4: 42015 | G4: 1 | H4: Other
A5: EMP1002 | B5: Alice Brown | C5: Finance | D5: Germany | E5: 63184 | F5: 42022 | G5: 2 | H5: Unknown
A6: EMP1003 | B6: John Doe | C6: Sales | D6: USA | E6: 94406 | F6: 42029 | G6: 1 | H6: Male
A7: EMP1004 | B7: Jane Smith | C7: Sales | D7: Germany | E7: 64120 | F7: 42036 | G7: 1 | H7: Male
A8: EMP1005 | B8: Alice Brown | C8: IT | D8: India | E8: 78421 | F8: 42043 | G8: 2 | H8: Female
A9: EMP1006 | B9: Sam Wilson | C9: Sales | D9: Unknown | E9: 67721 | F9: 42050 | G9: 2.9411765 | H9: Male
A10: EMP1007 | B10: Chris Lee | C10: Marketing | D10: Unknown | E10: 35364 | F10: 42057 | G10: 2 | H10: Other
A11: EMP1008 | B11: Alice Brown | C11: IT | D11: Germany | E11: 97881 | F11: 42064 | G11: 2.9491525 | H11: Female
A12: EMP1009 | B12: Chris Lee | C12: HR | D12: UK | E12: 91846 | F12: 42071 | G12: 2.9491525 | H12: Male
A13: EMP1010 | B13: Sam Wilson | C13: Finance | D13: UK | E13: 64247 | F13: 42078 | G13: 1 | H13: Female
A14: EMP1011 | B14: Sam Wilson | C14: IT | D14: USA | E14: 91180 | F14: 42085 | G14: 5 | H14: Male
A15: EMP1012 | B15: Bob Johnson | C15: Sales | D15: Unknown | E15: 96418 | F15: 42092 | G15: 5 | H15: Male
... A32: EMP1029 | B32: Bob Johnson | C32: Marketing | D32: UK | E32: 92959 | F32: 42211 | G32: 5 | H32: Unknown
A33: EMP1030 | B33: Unknown | C33: Marketing | D33: Unknown | E33: 92259 | F33: Unknown | G33: 1 | H33: Unknown
A34: EMP1031 | B34: Eve Adams | C34: HR | D34: Germany | E34: 92299 | F34: 42225 | G34: 3 | H34: Male
A35: EMP1032 | B35: Sam Wilson | C35: HR | D35: Unknown | E35: 95586 | F35: 42232 | G35: 3 | H35: Other
A36: EMP1033 | B36: Chris Lee | C36: Unknown | D36: USA | E36: 95367 | F36: 42239 | G36: 2.9381443 | H36: Male
A37: EMP1034 | B37: John Doe | C37: Sales | D37: Australia | E37: 79549 | F37: 42246 | G37: 3 | H37: Unknown
A38: EMP1035 | B38: Alice Brown | C38: Unknown | D38: UK | E38: 54463 | F38: 42253 | G38: 4 | H38: Male
A39: EMP1036 | B39: Alice Brown | C39: IT | D39: USA | E39: 89781 | F39: 42260 | G39: 2.9263158 | H39: Female
A40: EMP1037 | B40: Alice Brown | C40: HR | D40: Unknown | E40: 64796 | F40: 42267 | G40: 2.9263158 | H40: Other
A41: EMP1038 | B41: John Doe | C41: Marketing | D41: UK | E41: 52093 | F41: 42274 | G41: 5 | H41: Unknown
A42: EMP1039 | B42: Chris Lee | C42: HR | D42: UK | E42: 48224 | F42: 42281 | G42: 3 | H42: Unknown
A43: EMP1040 | B43: Bob Johnson | C43: Finance | D43: UK | E43: 64268.635 | F43: Unknown | G43: 4 | H43: Female
A44: EMP1041 | B44: Alice Brown | C44: IT | D44: Germany | E44: 33956 | F44: 42295 | G44: 2.8913043 | H44: Unknown
A45: EMP1042 | B45: Bob Johnson | C45: Unknown | D45: Australia | E45: 64913 | F45: 42302 | G45: 1 | H45: Female
A46: EMP1043 | B46: Alice Brown | C46: Marketing | D46: Australia | E46: 35326 | F46: 42309 | G46: 2.9120879 | H46: Female
A47: EMP1044 | B47: Chris Lee | C47: Finance | D47: Unknown | E47: 81610 | F47: 42316 | G47: 1 | H47: Unknown
A48: EMP1045 | B48: Unknown | C48: HR | D48: Unknown | E48: 58962 | F48: 42323 | G48: 3 | H48: Other
A49: EMP1046 | B49: Chris Lee | C49: IT | D49: Germany | E49: 92701 | F49: 42330 | G49: 3 | H49: Other
A50: EMP1047 | B50: Chris Lee | C50: HR | D50: India | E50: 58245 | F50: 42337 | G50: 4 | H50: Unknown
A51: EMP1048 | B51: John Doe | C51: Finance | D51: Unknown | E51: 66513 | F51: 42344 | G51: 2 | H51: Other
A52: EMP1049 | B52: Eve Adams | C52: HR | D52: Germany | E52: 78720 | F52: 42351 | G52: 5 | H52: Female
A53: EMP1050 | B53: Chris Lee | C53: Unknown | D53: Unknown | E53: 30686 | F53: Unknown | G53: 2 | H53: Female
A54: EMP1051 | B54: Sam Wilson | C54: Sales | D54: India | E54: 39423 | F54: 42365 | G54: 5 | H54: Unknown
A55: EMP1052 | B55: Eve Adams | C55: Marketing | D55: Unknown | E55: 30280 | F55: 42372 | G55: 1 | H55: Unknown
A56: EMP1053 | B56: Eve Adams | C56: Finance | D56: UK | E56: 33352 | F56: 42379 | G56: 3 | H56: Female
A57: EMP1054 | B57: Bob Johnson | C57: Marketing | D57: UK | E57: 75633 | F57: 42386 | G57: 5 | H57: Other
A58: EMP1055 | B58: Chris Lee | C58: Unknown | D58: USA | E58: 74815 | F58: 42393 | G58: 5 | H58: Female
A59: EMP1056 | B59: John Doe | C59: Sales | D59: Australia | E59: 60011 | F59: 42400 | G59: 1 | H59: Male
A60: EMP1057 | B60: Eve Adams | C60: Unknown | D60: India | E60: 96949 | F60: 42407 | G60: 3 | H60: Unknown
A61: EMP1058 | B61: Sam Wilson | C61: Marketing | D61: Unknown | E61: 84924 | F61: 42414 | G61: 5 | H61: Male
A62: EMP1059 | B62: Sam Wilson | C62: Finance | D62: USA | E62: 82033 | F62: 42421 | G62: 1 | H62: Unknown
A63: EMP1060 | B63: Unknown | C63: Marketing | D63: Germany | E63: 64763.365 | F63: Unknown | G63: 5 | H63: Unknown
A64: EMP1061 | B64: Eve Adams | C64: Unknown | D64: Australia | E64: 31499 | F64: 42435 | G64: 2 | H64: Unknown
A65: EMP1062 | B65: Chris Lee | C65: IT | D65: UK | E65: 97981 | F65: 42442 | G65: 5 | H65: Female
A66: EMP1063 | B66: Eve Adams | C66: HR | D66: USA | E66: 36541 | F66: 42449 | G66: 2 | H66: Other
A67: EMP1064 | B67: John Doe | C67: IT | D67: India | E67: 84737 | F67: 42456 | G67: 1 | H67: Male
A68: EMP1065 | B68: Sam Wilson | C68: Finance | D68: India | E68: 33468 | F68: 42463 | G68: 4 | H68: Male
A69: EMP1066 | B69: Sam Wilson | C69: Unknown | D69: Australia | E69: 96365 | F69: 42470 | G69: 3 | H69: Other
A70: EMP1067 | B70: Alice Brown | C70: Sales | D70: India | E70: 61942 | F70: 42477 | G70: 3 | H70: Female
A71: EMP1068 | B71: Sam Wilson | C71: Finance | D71: UK | E71: 41467 | F71: 42484 | G71: 2 | H71: Unknown
A72: EMP1069 | B72: Bob Johnson | C72: Finance | D72: India | E72: 77096 | F72: 42491 | G72: 1 | H72: Unknown
A73: EMP1070 | B73: Eve Adams | C73: Sales | D73: Australia | E73: 69952 | F73: 42498 | G73: 5 | H73: Female
A74: EMP1071 | B74: Eve Adams | C74: Marketing | D74: USA | E74: 85065 | F74: 42505 | G74: 3 | H74: Unknown
A75: EMP1072 | B75: Bob Johnson | C75: Marketing | D75: India | E75: 56512 | F75: 42512 | G75: 2.8571429 | H75: Other
... A82: EMP1079 | B82: Chris Lee | C82: Sales | D82: USA | E82: 66079 | F82: 42561 | G82: 2 | H82: Other
A83: EMP1080 | B83: Eve Adams | C83: Marketing | D83: India | E83: 63575.515 | F83: Unknown | G83: 2.9649123 | H83: Unknown
A84: EMP1081 | B84: Jane Smith | C84: Sales | D84: USA | E84: 95621 | F84: 42575 | G84: 3 | H84: Female
A85: EMP1082 | B85: Eve Adams | C85: IT | D85: UK | E85: 42262 | F85: 42582 | G85: 1 | H85: Unknown
A86: EMP1083 | B86: Sam Wilson | C86: Sales | D86: India | E86: 99621 | F86: 42589 | G86: 3 | H86: Other
A87: EMP1084 | B87: John Doe | C87: Marketing | D87: India | E87: 44682 | F87: 42596 | G87: 4 | H87: Female
A88: EMP1085 | B88: Chris Lee | C88: Finance | D88: Unknown | E88: 35163 | F88: 42603 | G88: 5 | H88: Other
A89: EMP1086 | B89: Chris Lee | C89: IT | D89: India | E89: 33483 | F89: 42610 | G89: 4 | H89: Male
A90: EMP1087 | B90: Sam Wilson | C90: HR | D90: Germany | E90: 55303 | F90: 42617 | G90: 4 | H90: Male
A91: EMP1088 | B91: Chris Lee | C91: IT | D91: Unknown | E91: 63434 | F91: 42624 | G91: 3 | H91: Unknown
A92: EMP1089 | B92: Jane Smith | C92: Unknown | D92: Australia | E92: 38830 | F92: 42631 | G92: 3 | H92: Other
A93: EMP1090 | B93: Unknown | C93: Marketing | D93: UK | E93: 50741 | F93: 42638 | G93: 3 | H93: Unknown
A94: EMP1091 | B94: Alice Brown | C94: HR | D94: Australia | E94: 69420 | F94: 42645 | G94: 1 | H94: Male
A95: EMP1092 | B95: Jane Smith | C95: IT | D95: Unknown | E95: 80588 | F95: 42652 | G95: 5 | H95: Male
... A112: EMP1109 | B112: Jane Smith | C112: Unknown | D112: India | E112: 88850 | F112: 42771 | G112: 1 | H112: Female
A113: EMP1110 | B113: Chris Lee | C113: Sales | D113: India | E113: 31293 | F113: Unknown | G113: 2 | H113: Female
A114: EMP1111 | B114: Chris Lee | C114: IT | D114: USA | E114: 34306 | F114: 42785 | G114: 5 | H114: Female
A115: EMP1112 | B115: Eve Adams | C115: Finance | D115: India | E115: 78330 | F115: 42792 | G115: 3 | H115: Other
A116: EMP1113 | B116: Alice Brown | C116: IT | D116: USA | E116: 47653 | F116: 42799 | G116: 1 | H116: Male
A117: EMP1114 | B117: Eve Adams | C117: Marketing | D117: UK | E117: 44627 | F117: 42806 | G117: 4 | H117: Unknown
A118: EMP1115 | B118: Bob Johnson | C118: HR | D118: Germany | E118: 92343 | F118: 42813 | G118: 4 | H118: Female
A119: EMP1116 | B119: Bob Johnson | C119: Marketing | D119: Australia | E119: 38837 | F119: 42820 | G119: 5 | H119: Female
A120: EMP1117 | B120: Bob Johnson | C120: Marketing | D120: Unknown | E120: 73483 | F120: 42827 | G120: 1 | H120: Unknown
A121: EMP1118 | B121: Chris Lee | C121: Sales | D121: India | E121: 95032 | F121: 42834 | G121: 3 | H121: Unknown
A122: EMP1119 | B122: Eve Adams | C122: Sales | D122: Australia | E122: 44358 | F122: 42841 | G122: 3 | H122: Female
A123: EMP1120 | B123: Unknown | C123: IT | D123: USA | E123: 63232.929 | F123: Unknown | G123: 5 | H123: Unknown
A124: EMP1121 | B124: Chris Lee | C124: Sales | D124: USA | E124: 45676 | F124: 42855 | G124: 2 | H124: Unknown
A125: EMP1122 | B125: Bob Johnson | C125: Sales | D125: Germany | E125: 52036 | F125: 42862 | G125: 3 | H125: Male
A126: EMP1123 | B126: Jane Smith | C126: Unknown | D126: Germany | E126: 30357 | F126: 42869 | G126: 5 | H126: Male
A127: EMP1124 | B127: John Doe | C127: IT | D127: Unknown | E127: 60034 | F127: 42876 | G127: 1 | H127: Female
A128: EMP1125 | B128: John Doe | C128: Finance | D128: Unknown | E128: 90019 | F128: 42883 | G128: 5 | H128: Unknown
A129: EMP1126 | B129: Bob Johnson | C129: Unknown | D129: Germany | E129: 71494 | F129: 42890 | G129: 3 | H129: Male
A130: EMP1127 | B130: John Doe | C130: Finance | D130: USA | E130: 91953 | F130: 42897 | G130: 2 | H130: Male
A131: EMP1128 | B131: Chris Lee | C131: Sales | D131: USA | E131: 30402 | F131: 42904 | G131: 1 | H131: Unknown
A132: EMP1129 | B132: Bob Johnson | C132: Unknown | D132: UK | E132: 62994 | F132: 42911 | G132: 3 | H132: Unknown
A133: EMP1130 | B133: Alice Brown | C133: Sales | D133: India | E133: 48289 | F133: Unknown | G133: 3 | H133: Male
A134: EMP1131 | B134: Sam Wilson | C134: Marketing | D134: Germany | E134: 34402 | F134: 42925 | G134: 3 | H134: Other
A135: EMP1132 | B135: Eve Adams | C135: HR | D135: USA | E135: 38678 | F135: 42932 | G135: 3 | H135: Other
A136: EMP1133 | B136: Chris Lee | C136: HR | D136: Germany | E136: 45758 | F136: 42939 | G136: 3 | H136: Unknown
A137: EMP1134 | B137: Eve Adams | C137: Marketing | D137: India | E137: 62476 | F137: 42946 | G137: 1 | H137: Other
A138: EMP1135 | B138: Unknown | C138: IT | D138: UK | E138: 39280 | F138: 42953 | G138: 3 | H138: Female
...

Sheet VLOOOKUP Duplicates
A1: DAY-12 VLOOKUP | Duplicate the Dataset
A2: Employee ID | B2: Name | C2: Department | D2: Country | E2: Salary | F2: Date of Joining | G2: Performance Rating | H2: Gender
A3: EMP1000 | B3: =VLOOKUP($A3,'Orginal data'!$A$2:$H$152,2,FALSE) -> Unknown | C3: =VLOOKUP($A3,'Orginal data'!$A$2:$H$152,3,FALSE) -> Finance | D3: =VLOOKUP($A3,'Orginal data'!$A$2:$H$152,4,FALSE) -> Unknown | E3: =VLOOKUP($A3,'Orginal data'!$A$2:$H$152,5,FALSE) -> 66280.93 | F3: =VLOOKUP($A3,'Orginal data'!$A$2:$H$152,6,FALSE) -> Unknown | G3: =VLOOKUP($A3,'Orginal data'!$A$2:$H$152,7,FALSE) -> 2 | H3: =VLOOKUP($A3,'Orginal data'!$A$2:$H$152,8,FALSE) -> Unknown
A4: EMP1001 | B4: =VLOOKUP($A4,'Orginal data'!$A$2:$H$152,2,FALSE) -> Eve Adams | C4: =VLOOKUP($A4,'Orginal data'!$A$2:$H$152,3,FALSE) -> HR | D4: =VLOOKUP($A4,'Orginal data'!$A$2:$H$152,4,FALSE) -> Germany | E4: =VLOOKUP($A4,'Orginal data'!$A$2:$H$152,5,FALSE) -> 54255 | F4: =VLOOKUP($A4,'Orginal data'!$A$2:$H$152,6,FALSE) -> 42015 | G4: =VLOOKUP($A4,'Orginal data'!$A$2:$H$152,7,FALSE) -> 1 | H4: =VLOOKUP($A4,'Orginal data'!$A$2:$H$152,8,FALSE) -> Other
A5: EMP1002 | B5: =VLOOKUP($A5,'Orginal data'!$A$2:$H$152,2,FALSE) -> Alice Brown | C5: =VLOOKUP($A5,'Orginal data'!$A$2:$H$152,3,FALSE) -> Finance | D5: =VLOOKUP($A5,'Orginal data'!$A$2:$H$152,4,FALSE) -> Germany | E5: =VLOOKUP($A5,'Orginal data'!$A$2:$H$152,5,FALSE) -> 63184 | F5: =VLOOKUP($A5,'Orginal data'!$A$2:$H$152,6,FALSE) -> 42022 | G5: =VLOOKUP($A5,'Orginal data'!$A$2:$H$152,7,FALSE) -> 2 | H5: =VLOOKUP($A5,'Orginal data'!$A$2:$H$152,8,FALSE) -> Unknown
A6: EMP1003 | B6: =VLOOKUP($A6,'Orginal data'!$A$2:$H$152,2,FALSE) -> John Doe | C6: =VLOOKUP($A6,'Orginal data'!$A$2:$H$152,3,FALSE) -> Sales | D6: =VLOOKUP($A6,'Orginal data'!$A$2:$H$152,4,FALSE) -> USA | E6: =VLOOKUP($A6,'Orginal data'!$A$2:$H$152,5,FALSE) -> 94406 | F6: =VLOOKUP($A6,'Orginal data'!$A$2:$H$152,6,FALSE) -> 42029 | G6: =VLOOKUP($A6,'Orginal data'!$A$2:$H$152,7,FALSE) -> 1 | H6: =VLOOKUP($A6,'Orginal data'!$A$2:$H$152,8,FALSE) -> Male
A7: EMP1004 | B7: =VLOOKUP($A7,'Orginal data'!$A$2:$H$152,2,FALSE) -> Jane Smith | C7: =VLOOKUP($A7,'Orginal data'!$A$2:$H$152,3,FALSE) -> Sales | D7: =VLOOKUP($A7,'Orginal data'!$A$2:$H$152,4,FALSE) -> Germany | E7: =VLOOKUP($A7,'Orginal data'!$A$2:$H$152,5,FALSE) -> 64120 | F7: =VLOOKUP($A7,'Orginal data'!$A$2:$H$152,6,FALSE) -> 42036 | G7: =VLOOKUP($A7,'Orginal data'!$A$2:$H$152,7,FALSE) -> 1 | H7: =VLOOKUP($A7,'Orginal data'!$A$2:$H$152,8,FALSE) -> Male
A8: EMP1005 | B8: =VLOOKUP($A8,'Orginal data'!$A$2:$H$152,2,FALSE) -> Alice Brown | C8: =VLOOKUP($A8,'Orginal data'!$A$2:$H$152,3,FALSE) -> IT | D8: =VLOOKUP($A8,'Orginal data'!$A$2:$H$152,4,FALSE) -> India | E8: =VLOOKUP($A8,'Orginal data'!$A$2:$H$152,5,FALSE) -> 78421 | F8: =VLOOKUP($A8,'Orginal data'!$A$2:$H$152,6,FALSE) -> 42043 | G8: =VLOOKUP($A8,'Orginal data'!$A$2:$H$152,7,FALSE) -> 2 | H8: =VLOOKUP($A8,'Orginal data'!$A$2:$H$152,8,FALSE) -> Female
A9: EMP1006 | B9: =VLOOKUP($A9,'Orginal data'!$A$2:$H$152,2,FALSE) -> Sam Wilson | C9: =VLOOKUP($A9,'Orginal data'!$A$2:$H$152,3,FALSE) -> Sales | D9: =VLOOKUP($A9,'Orginal data'!$A$2:$H$152,4,FALSE) -> Unknown | E9: =VLOOKUP($A9,'Orginal data'!$A$2:$H$152,5,FALSE) -> 67721 | F9: =VLOOKUP($A9,'Orginal data'!$A$2:$H$152,6,FALSE) -> 42050 | G9: =VLOOKUP($A9,'Orginal data'!$A$2:$H$152,7,FALSE) -> 2.9411765 | H9: =VLOOKUP($A9,'Orginal data'!$A$2:$H$152,8,FALSE) -> Male
A10: EMP1007 | B10: =VLOOKUP($A10,'Orginal data'!$A$2:$H$152,2,FALSE) -> Chris Lee | C10: =VLOOKUP($A10,'Orginal data'!$A$2:$H$152,3,FALSE) -> Marketing | D10: =VLOOKUP($A10,'Orginal data'!$A$2:$H$152,4,FALSE) -> Unknown | E10: =VLOOKUP($A10,'Orginal data'!$A$2:$H$152,5,FALSE) -> 35364 | F10: =VLOOKUP($A10,'Orginal data'!$A$2:$H$152,6,FALSE) -> 42057 | G10: =VLOOKUP($A10,'Orginal data'!$A$2:$H$152,7,FALSE) -> 2 | H10: =VLOOKUP($A10,'Orginal data'!$A$2:$H$152,8,FALSE) -> Other
A11: EMP1008 | B11: =VLOOKUP($A11,'Orginal data'!$A$2:$H$152,2,FALSE) -> Alice Brown | C11: =VLOOKUP($A11,'Orginal data'!$A$2:$H$152,3,FALSE) -> IT | D11: =VLOOKUP($A11,'Orginal data'!$A$2:$H$152,4,FALSE) -> Germany | E11: =VLOOKUP($A11,'Orginal data'!$A$2:$H$152,5,FALSE) -> 97881 | F11: =VLOOKUP($A11,'Orginal data'!$A$2:$H$152,6,FALSE) -> 42064 | G11: =VLOOKUP($A11,'Orginal data'!$A$2:$H$152,7,FALSE) -> 2.9491525 | H11: =VLOOKUP($A11,'Orginal data'!$A$2:$H$152,8,FALSE) -> Female
A12: EMP1009 | B12: =VLOOKUP($A12,'Orginal data'!$A$2:$H$152,2,FALSE) -> Chris Lee | C12: =VLOOKUP($A12,'Orginal data'!$A$2:$H$152,3,FALSE) -> HR | D12: =VLOOKUP($A12,'Orginal data'!$A$2:$H$152,4,FALSE) -> UK | E12: =VLOOKUP($A12,'Orginal data'!$A$2:$H$152,5,FALSE) -> 91846 | F12: =VLOOKUP($A12,'Orginal data'!$A$2:$H$152,6,FALSE) -> 42071 | G12: =VLOOKUP($A12,'Orginal data'!$A$2:$H$152,7,FALSE) -> 2.9491525 | H12: =VLOOKUP($A12,'Orginal data'!$A$2:$H$152,8,FALSE) -> Male
A13: EMP1010 | B13: =VLOOKUP($A13,'Orginal data'!$A$2:$H$152,2,FALSE) -> Sam Wilson | C13: =VLOOKUP($A13,'Orginal data'!$A$2:$H$152,3,FALSE) -> Finance | D13: =VLOOKUP($A13,'Orginal data'!$A$2:$H$152,4,FALSE) -> UK | E13: =VLOOKUP($A13,'Orginal data'!$A$2:$H$152,5,FALSE) -> 64247 | F13: =VLOOKUP($A13,'Orginal data'!$A$2:$H$152,6,FALSE) -> 42078 | G13: =VLOOKUP($A13,'Orginal data'!$A$2:$H$152,7,FALSE) -> 1 | H13: =VLOOKUP($A13,'Orginal data'!$A$2:$H$152,8,FALSE) -> Female
A14: EMP1011 | B14: =VLOOKUP($A14,'Orginal data'!$A$2:$H$152,2,FALSE) -> Sam Wilson | C14: =VLOOKUP($A14,'Orginal data'!$A$2:$H$152,3,FALSE) -> IT | D14: =VLOOKUP($A14,'Orginal data'!$A$2:$H$152,4,FALSE) -> USA | E14: =VLOOKUP($A14,'Orginal data'!$A$2:$H$152,5,FALSE) -> 91180 | F14: =VLOOKUP($A14,'Orginal data'!$A$2:$H$152,6,FALSE) -> 42085 | G14: =VLOOKUP($A14,'Orginal data'!$A$2:$H$152,7,FALSE) -> 5 | H14: =VLOOKUP($A14,'Orginal data'!$A$2:$H$152,8,FALSE) -> Male
... A153: EMP1149 | B153: =VLOOKUP($A153,'Orginal data'!$A$2:$H$152,2,FALSE) -> Sam Wilson | C153: =VLOOKUP($A153,'Orginal data'!$A$2:$H$152,3,FALSE) -> Marketing | D153: =VLOOKUP($A153,'Orginal data'!$A$2:$H$152,4,FALSE) -> India | E153: =VLOOKUP($A153,'Orginal data'!$A$2:$H$152,5,FALSE) -> 98475 | F153: =VLOOKUP($A153,'Orginal data'!$A$2:$H$152,6,FALSE) -> 43051 | G153: =VLOOKUP($A153,'Orginal data'!$A$2:$H$152,7,FALSE) -> 5 | H153: =VLOOKUP($A153,'Orginal data'!$A$2:$H$152,8,FALSE) -> Other

Sheet INDEX +MATCH
A1: DAY-13 INDEX + MATCH (Fill Missing Values)
A2: Employee ID | B2: Name | C2: Department | D2: Country | E2: Salary | F2: Date of Joining | G2: Performance Rating | H2: Gender | L2: ENCODING
A3: EMP1000 | B3: Unknown | C3: Finance | D3: Unknown | E3: 66280.93 | F3: Unknown | G3: 2 | H3: Unknown | L3: {=MATCH($D$3:$D$152,$D$3:$D$152,0)} -> 1
A4: EMP1001 | B4: Eve Adams | C4: HR | D4: Germany | E4: 54255 | F4: 42015 | G4: 1 | H4: Other | L4: 2
A5: EMP1002 | B5: Alice Brown | C5: Finance | D5: Germany | E5: 63184 | F5: 42022 | G5: 2 | H5: Unknown | L5: 2 | N5: MODE | O5: =MODE(_xlfn.ANCHORARRAY(L3)) -> 1
A6: EMP1003 | B6: John Doe | C6: Sales | D6: USA | E6: 94406 | F6: 42029 | G6: 1 | H6: Male | L6: 4 | N6: INDEX | O6: {=INDEX(D3:D152,O5)} -> Unknown
A7: EMP1004 | B7: Jane Smith | C7: Sales | D7: Germany | E7: 64120 | F7: 42036 | G7: 1 | H7: Male | L7: 2
A8: EMP1005 | B8: Alice Brown | C8: IT | D8: India | E8: 78421 | F8: 42043 | G8: 2 | H8: Female | L8: 6
A9: EMP1006 | B9: Sam Wilson | C9: Sales | D9: Unknown | E9: 67721 | F9: 42050 | G9: 2.9411765 | H9: Male | L9: 1
A10: EMP1007 | B10: Chris Lee | C10: Marketing | D10: Unknown | E10: 35364 | F10: 42057 | G10: 2 | H10: Other | L10: 1
A11: EMP1008 | B11: Alice Brown | C11: IT | D11: Germany | E11: 97881 | F11: 42064 | G11: 2.9491525 | H11: Female | L11: 2
A12: EMP1009 | B12: Chris Lee | C12: HR | D12: UK | E12: 91846 | F12: 42071 | G12: 2.9491525 | H12: Male | L12: 10
A13: EMP1010 | B13: Sam Wilson | C13: Finance | D13: UK | E13: 64247 | F13: 42078 | G13: 1 | H13: Female | L13: 10
A14: EMP1011 | B14: Sam Wilson | C14: IT | D14: USA | E14: 91180 | F14: 42085 | G14: 5 | H14: Male | L14: 4
A15: EMP1012 | B15: Bob Johnson | C15: Sales | D15: Unknown | E15: 96418 | F15: 42092 | G15: 5 | H15: Male | L15: 1
A16: EMP1013 | B16: Sam Wilson | C16: Unknown | D16: India | E16: 62158 | F16: 42099 | G16: 4 | H16: Unknown | L16: 6
A17: EMP1014 | B17: Jane Smith | C17: HR | D17: Unknown | E17: 59894 | F17: 42106 | G17: 2 | H17: Male | L17: 1
A18: EMP1015 | B18: Unknown | C18: IT | D18: India | E18: 92443 | F18: 42113 | G18: 3 | H18: Other | L18: 6
... A32: EMP1029 | B32: Bob Johnson | C32: Marketing | D32: UK | E32: 92959 | F32: 42211 | G32: 5 | H32: Unknown | L32: 10
A33: EMP1030 | B33: Unknown | C33: Marketing | D33: Unknown | E33: 92259 | F33: Unknown | G33: 1 | H33: Unknown | L33: 1
A34: EMP1031 | B34: Eve Adams | C34: HR | D34: Germany | E34: 92299 | F34: 42225 | G34: 3 | H34: Male | L34: 2
A35: EMP1032 | B35: Sam Wilson | C35: HR | D35: Unknown | E35: 95586 | F35: 42232 | G35: 3 | H35: Other | L35: 1
A36: EMP1033 | B36: Chris Lee | C36: Unknown | D36: USA | E36: 95367 | F36: 42239 | G36: 2.9381443 | H36: Male | L36: 4
A37: EMP1034 | B37: John Doe | C37: Sales | D37: Australia | E37: 79549 | F37: 42246 | G37: 3 | H37: Unknown | L37: 18
A38: EMP1035 | B38: Alice Brown | C38: Unknown | D38: UK | E38: 54463 | F38: 42253 | G38: 4 | H38: Male | L38: 10
A39: EMP1036 | B39: Alice Brown | C39: IT | D39: USA | E39: 89781 | F39: 42260 | G39: 2.9263158 | H39: Female | L39: 4
A40: EMP1037 | B40: Alice Brown | C40: HR | D40: Unknown | E40: 64796 | F40: 42267 | G40: 2.9263158 | H40: Other | L40: 1
A41: EMP1038 | B41: John Doe | C41: Marketing | D41: UK | E41: 52093 | F41: 42274 | G41: 5 | H41: Unknown | L41: 10
A42: EMP1039 | B42: Chris Lee | C42: HR | D42: UK | E42: 48224 | F42: 42281 | G42: 3 | H42: Unknown | L42: 10
A43: EMP1040 | B43: Bob Johnson | C43: Finance | D43: UK | E43: 64268.635 | F43: Unknown | G43: 4 | H43: Female | L43: 10
